Product_ID,Category,Region,Season,Event_Flag,Historical_Sales,Price,Promotion_Flag,Consumer_Age_Group,Consumer_Income_Group,Online_Reviews_Score,Stock_Level,Competitor_Price,Demand_Index
P0001,Musical Instrument,North China,Autumn,0,105,2187.58,0,18-25,Medium,1.1,172,3944.48,0.17
P0002,Textile,East China,Summer,0,96,2632.66,0,50+,Low,1.9,202,4918.05,0.21
P0003,Sculpture,West China,Winter,1,93,4594.75,1,26-35,Low,3.4,154,1922.46,0.68
P0004,Textile,South China,Spring,0,111,661.98,0,50+,Medium,4.8,168,4543.48,0.4
P0005,Textile,North China,Winter,1,90,449.08,0,26-35,Low,1.4,335,528.27,0.52
P0006,Folk Painting,South China,Spring,0,101,4274.46,0,36-50,Medium,1.5,470,2116.18,0.35
P0007,Sculpture,South China,Winter,1,92,3896.79,0,36-50,Low,3.8,189,2380.33,0.57
P0008,Sculpture,East China,Spring,1,97,1392.3,0,50+,Medium,3.7,35,2260.28,0.5
P0009,Sculpture,South China,Autumn,0,116,1688.75,0,50+,Medium,2.0,109,3162.98,0.22
P0010,Textile,East China,Summer,0,98,1620.36,1,26-35,Medium,4.3,398,934.02,0.6
P0011,Musical Instrument,West China,Spring,0,84,3274.26,0,50+,High,1.5,120,4345.62,0.1
P0012,Sculpture,North China,Winter,1,104,399.94,1,50+,High,4.7,279,2803.64,0.85
P0013,Textile,South China,Spring,1,108,2498.07,0,26-35,High,1.8,60,4530.63,0.44
P0014,Folk Painting,North China,Spring,1,106,755.98,1,26-35,Low,1.3,24,112.9,0.52
P0015,Musical Instrument,South China,Spring,0,119,4116.72,0,36-50,Medium,2.4,137,3186.94,0.27
P0016,Folk Painting,North China,Winter,0,87,1965.25,1,18-25,Low,1.8,149,2121.04,0.28
P0017,Musical Instrument,South China,Summer,1,99,2685.1,1,50+,Low,3.1,251,2574.99,0.73
P0018,Textile,South China,Autumn,0,98,243.66,0,26-35,Medium,3.7,55,3744.64,0.23
P0019,Handicraft,South China,Summer,1,92,385.5,1,36-50,High,3.0,243,1213.04,0.7
P0020,Musical Instrument,South China,Spring,0,105,3407.77,0,18-25,Low,3.6,457,1104.01,0.47
P0021,Folk Painting,South China,Winter,0,83,3857.18,1,50+,Low,2.5,81,3544.74,0.27
P0022,Textile,South China,Summer,0,114,3579.17,0,36-50,Low,1.1,452,2654.69,0.36
P0023,Musical Instrument,South China,Spring,0,93,3711.39,1,18-25,High,4.9,104,1244.83,0.45
P0024,Handicraft,South China,Autumn,0,107,612.64,1,50+,Medium,4.3,419,2471.69,0.64
P0025,Handicraft,South China,Autumn,0,102,3497.91,0,36-50,Medium,1.3,294,2351.84,0.24
P0026,Sculpture,North China,Autumn,0,96,990.56,0,50+,Low,2.8,141,3488.08,0.22
P0027,Sculpture,East China,Spring,0,92,580.28,1,18-25,Medium,3.5,443,113.04,0.56
P0028,Folk Painting,South China,Winter,0,103,3810.09,1,26-35,High,1.8,485,2975.13,0.52
P0029,Musical Instrument,East China,Summer,1,77,4458.09,1,36-50,Medium,3.3,290,3067.82,0.7
P0030,Musical Instrument,South China,Autumn,1,109,3611.88,0,18-25,Low,3.1,433,3753.0,0.73
P0031,Sculpture,South China,Spring,1,109,4047.31,0,50+,Low,1.8,41,4457.23,0.43
P0032,Musical Instrument,North China,Spring,1,111,4956.33,0,18-25,Medium,1.6,365,2256.93,0.61
P0033,Musical Instrument,West China,Summer,0,109,760.3,0,18-25,Low,4.0,468,1778.35,0.51
P0034,Handicraft,West China,Autumn,0,83,4829.25,0,26-35,High,2.3,46,601.37,0.1
P0035,Sculpture,North China,Spring,0,116,3045.87,0,36-50,High,2.0,135,1750.5,0.24
P0036,Textile,East China,Summer,1,107,4084.94,0,18-25,High,4.0,147,435.57,0.61
P0037,Sculpture,West China,Winter,0,99,3285.83,0,26-35,High,3.9,431,4033.82,0.46
P0038,Textile,North China,Winter,0,88,2893.19,0,26-35,Low,2.1,454,4054.33,0.33
P0039,Handicraft,North China,Winter,1,96,3547.73,1,26-35,Low,4.5,109,2144.46,0.72
P0040,Folk Painting,West China,Autumn,0,107,1669.27,0,50+,Medium,3.8,251,1372.24,0.37
P0041,Musical Instrument,East China,Summer,0,95,4628.93,0,26-35,Low,2.4,254,678.3,0.26
P0042,Handicraft,North China,Summer,0,94,664.93,0,26-35,Medium,2.7,36,4271.06,0.15
P0043,Musical Instrument,South China,Spring,0,90,1658.35,0,26-35,Low,3.9,218,4399.73,0.31
P0044,Folk Painting,East China,Spring,0,102,252.7,1,26-35,Medium,1.8,400,1404.82,0.47
P0045,Folk Painting,East China,Spring,0,93,1429.48,0,36-50,Medium,2.9,466,3146.63,0.4
P0046,Handicraft,West China,Summer,0,98,1169.24,1,36-50,High,3.6,108,1367.4,0.4
P0047,Folk Painting,West China,Spring,0,107,343.19,0,26-35,Medium,3.2,146,1203.12,0.28
P0048,Textile,South China,Summer,1,111,2509.69,1,18-25,Medium,3.4,196,203.92,0.76
P0049,Folk Painting,North China,Summer,1,128,2396.32,0,50+,Medium,3.2,45,2928.08,0.57
P0050,Musical Instrument,West China,Winter,0,106,480.95,0,18-25,Medium,1.8,127,834.71,0.19
P0051,Musical Instrument,West China,Spring,1,93,1383.07,1,18-25,Medium,2.6,167,160.62,0.64
P0052,Musical Instrument,East China,Winter,0,101,4771.28,0,26-35,High,3.1,488,613.77,0.45
P0053,Musical Instrument,West China,Autumn,0,110,642.61,1,18-25,Medium,4.1,284,1637.47,0.56
P0054,Textile,West China,Autumn,0,102,1594.59,0,36-50,Medium,3.6,178,3378.9,0.31
P0055,Sculpture,West China,Autumn,0,113,275.73,1,36-50,Medium,2.7,64,1092.85,0.37
P0056,Handicraft,West China,Summer,0,97,829.55,1,50+,Low,4.9,480,4449.19,0.68
P0057,Musical Instrument,East China,Summer,0,97,3527.05,1,36-50,Low,1.4,93,1513.59,0.26
P0058,Folk Painting,South China,Summer,0,116,1896.91,0,36-50,High,1.8,15,1723.01,0.16
P0059,Musical Instrument,South China,Spring,1,102,2315.18,0,26-35,Medium,2.4,388,1168.09,0.64
P0060,Folk Painting,North China,Winter,0,108,869.19,1,36-50,Medium,1.9,372,1343.65,0.48
P0061,Folk Painting,West China,Summer,0,88,3442.49,1,18-25,Low,3.5,353,463.26,0.5
P0062,Musical Instrument,East China,Winter,0,122,3782.46,0,18-25,Medium,1.2,265,1544.38,0.28
P0063,Textile,North China,Winter,0,116,987.45,0,36-50,High,1.7,415,4312.13,0.38
P0064,Folk Painting,North China,Winter,0,101,320.47,0,50+,Medium,2.2,207,3473.28,0.24
P0065,Folk Painting,South China,Spring,0,101,496.61,1,50+,High,3.7,161,4388.81,0.44
P0066,Musical Instrument,East China,Spring,0,92,3319.52,0,50+,Low,4.5,327,613.81,0.41
P0067,Folk Painting,East China,Autumn,1,104,764.0,0,36-50,High,4.2,179,2332.52,0.63
P0068,Folk Painting,East China,Autumn,0,109,2520.2,1,50+,High,1.7,257,1223.35,0.41
P0069,Musical Instrument,South China,Winter,1,97,847.94,1,36-50,High,3.3,258,3633.96,0.74
P0070,Musical Instrument,South China,Autumn,0,103,933.73,1,18-25,High,1.1,159,4854.17,0.3
P0071,Handicraft,South China,Winter,0,111,121.37,0,50+,High,2.2,219,4095.26,0.28
P0072,Textile,South China,Spring,0,90,1672.04,0,50+,High,4.2,409,272.86,0.43
P0073,Textile,South China,Spring,0,111,540.01,1,50+,High,2.8,237,1651.63,0.46
P0074,Folk Painting,West China,Spring,0,84,2030.41,1,18-25,High,1.6,253,240.04,0.32
P0075,Textile,West China,Summer,0,99,3029.14,1,36-50,High,2.8,150,296.82,0.38
P0076,Folk Painting,East China,Winter,1,118,1900.91,1,18-25,Low,1.8,129,489.62,0.65
P0077,Handicraft,North China,Spring,1,96,3554.9,0,18-25,High,2.6,302,1454.0,0.58
P0078,Musical Instrument,East China,Winter,0,98,3733.11,1,26-35,High,3.0,189,1590.59,0.41
P0079,Musical Instrument,North China,Autumn,0,107,3513.37,0,50+,Medium,2.4,417,2062.22,0.39
P0080,Musical Instrument,South China,Autumn,0,109,4689.9,0,36-50,Medium,4.7,134,2084.16,0.37
P0081,Textile,North China,Spring,0,112,1262.74,1,36-50,Medium,3.3,476,3879.9,0.63
P0082,Handicraft,East China,Winter,1,96,1028.34,0,26-35,High,4.4,251,792.88,0.66
P0083,Textile,East China,Spring,1,103,3087.59,0,26-35,Low,4.0,221,872.93,0.64
P0084,Textile,North China,Autumn,1,94,3014.9,0,18-25,Low,3.6,484,3170.29,0.74
P0085,Handicraft,West China,Spring,0,102,2599.48,0,26-35,Medium,3.0,26,2901.54,0.19
P0086,Handicraft,South China,Winter,0,119,121.33,1,36-50,Medium,1.0,25,854.62,0.27
P0087,Handicraft,South China,Autumn,0,112,2820.67,1,36-50,High,3.5,394,4276.1,0.59
P0088,Handicraft,East China,Summer,1,97,4670.71,0,36-50,Low,2.4,350,1712.39,0.6
P0089,Musical Instrument,West China,Autumn,0,103,1739.43,0,18-25,Low,1.5,390,1898.14,0.31
P0090,Sculpture,North China,Summer,0,102,4841.24,0,50+,Medium,2.8,484,2160.25,0.43
P0091,Sculpture,South China,Spring,0,98,1848.11,0,50+,Low,3.9,266,1681.24,0.36
P0092,Handicraft,West China,Spring,1,103,785.29,1,18-25,Medium,4.8,295,2831.53,0.87
P0093,Sculpture,South China,Winter,0,99,2052.18,0,36-50,Medium,2.5,477,2004.37,0.4
P0094,Sculpture,West China,Summer,0,95,2523.6,1,36-50,High,3.2,289,1371.23,0.47
P0095,Handicraft,West China,Spring,1,102,3184.38,0,18-25,Medium,4.4,55,4531.93,0.56
P0096,Sculpture,East China,Summer,1,100,2573.9,0,18-25,High,2.3,267,1610.92,0.56
P0097,Textile,South China,Spring,0,111,2729.92,0,26-35,Low,1.6,152,3522.6,0.21
P0098,Folk Painting,North China,Autumn,0,106,217.93,0,18-25,Low,2.1,294,1801.41,0.3
P0099,Folk Painting,East China,Spring,1,92,1342.74,1,50+,Medium,4.6,364,2232.58,0.86
P0100,Handicraft,East China,Winter,1,107,1622.41,0,18-25,Medium,1.6,327,1256.12,0.57
P0101,Musical Instrument,North China,Autumn,0,117,4936.73,0,36-50,High,2.3,22,3786.42,0.19
P0102,Handicraft,East China,Winter,0,119,1548.28,1,36-50,High,2.9,476,3712.3,0.63
P0103,Musical Instrument,West China,Autumn,0,120,4493.24,1,36-50,Low,4.4,330,208.98,0.63
P0104,Folk Painting,West China,Summer,1,106,1593.21,0,50+,Low,4.8,54,394.95,0.6
P0105,Handicraft,South China,Winter,0,100,570.94,1,50+,Medium,2.7,56,4619.64,0.32
P0106,Textile,South China,Spring,0,104,1313.33,0,26-35,Medium,4.7,25,4455.25,0.29
P0107,Sculpture,North China,Summer,0,102,1436.86,1,18-25,High,1.6,391,2579.83,0.45
P0108,Musical Instrument,South China,Spring,1,103,4893.42,0,26-35,Medium,1.6,116,2517.45,0.44
P0109,Sculpture,West China,Autumn,0,93,3404.03,1,18-25,High,4.8,12,4080.88,0.39
P0110,Sculpture,North China,Autumn,0,90,4665.24,0,18-25,Low,3.0,113,778.41,0.2
P0111,Handicraft,North China,Spring,0,103,4191.48,0,50+,Low,1.7,463,3303.13,0.36
P0112,Sculpture,South China,Spring,0,125,2935.13,1,36-50,Medium,3.0,104,2432.32,0.44
P0113,Textile,West China,Summer,0,94,3409.4,1,18-25,High,4.1,142,3742.32,0.43
P0114,Sculpture,North China,Spring,1,113,3161.7,1,50+,Medium,4.3,419,247.5,0.94
P0115,Handicraft,West China,Winter,0,94,3364.69,1,26-35,Medium,4.5,357,3004.36,0.57
P0116,Textile,West China,Winter,1,99,1397.39,0,36-50,High,3.3,280,2827.97,0.62
P0117,Folk Painting,West China,Spring,0,96,2099.81,0,26-35,Medium,4.5,210,4220.16,0.36
P0118,Sculpture,South China,Winter,0,104,3003.82,1,26-35,High,3.0,263,3416.5,0.47
P0119,Handicraft,East China,Spring,0,114,276.05,1,50+,High,3.4,192,4412.79,0.48
P0120,Folk Painting,East China,Summer,0,99,2465.89,0,36-50,Medium,4.0,159,4447.64,0.31
P0121,Folk Painting,North China,Winter,0,87,4312.66,0,18-25,High,2.7,46,2100.0,0.14
P0122,Musical Instrument,West China,Winter,1,90,2512.6,0,26-35,Low,1.3,478,773.43,0.59
P0123,Textile,South China,Spring,1,117,2806.38,1,18-25,Low,2.4,499,3188.39,0.89
P0124,Sculpture,West China,Winter,0,107,1089.34,0,36-50,Low,3.5,422,4381.36,0.45
P0125,Handicraft,West China,Autumn,1,103,3992.28,0,50+,Low,1.8,419,467.27,0.63
P0126,Musical Instrument,South China,Summer,0,99,1858.5,0,50+,Medium,1.6,335,2833.82,0.27
P0127,Textile,East China,Summer,1,113,4787.28,1,50+,Low,2.2,148,663.5,0.67
P0128,Musical Instrument,West China,Winter,0,115,4969.2,1,18-25,Low,1.1,109,232.28,0.31
P0129,Textile,West China,Winter,0,83,4588.4,1,18-25,Low,4.0,413,3430.21,0.54
P0130,Textile,East China,Autumn,1,87,515.9,1,36-50,Low,2.0,245,3441.06,0.63
P0131,Sculpture,South China,Autumn,0,104,1732.6,0,18-25,Medium,1.5,93,3043.22,0.15
P0132,Textile,North China,Winter,0,93,4731.17,0,50+,Low,3.8,356,4310.19,0.39
P0133,Musical Instrument,East China,Winter,0,107,4042.21,1,26-35,High,4.4,463,496.29,0.67
P0134,Textile,North China,Autumn,0,97,4564.8,0,26-35,High,1.1,42,615.78,0.07
P0135,Sculpture,North China,Spring,1,103,2905.51,0,26-35,Medium,1.9,130,4336.22,0.47
P0136,Sculpture,East China,Autumn,0,85,2453.95,1,50+,Medium,4.8,39,2566.06,0.38
P0137,Musical Instrument,West China,Spring,1,94,621.83,1,18-25,Medium,2.5,443,1437.96,0.79
P0138,Folk Painting,North China,Summer,0,128,4213.41,1,26-35,Low,4.8,43,3716.97,0.52
P0139,Folk Painting,North China,Summer,0,93,3751.19,1,18-25,Medium,2.1,142,4482.58,0.31
P0140,Textile,South China,Autumn,1,93,388.5,0,18-25,Low,1.9,217,3479.06,0.49
P0141,Handicraft,West China,Spring,0,103,1126.13,1,50+,Medium,1.9,149,3980.47,0.34
P0142,Textile,North China,Autumn,1,97,2830.66,0,18-25,High,1.3,85,1484.24,0.39
P0143,Musical Instrument,South China,Autumn,0,99,3453.57,1,18-25,High,4.6,84,1515.0,0.44
P0144,Musical Instrument,West China,Spring,0,101,774.58,0,50+,Low,4.9,317,4334.21,0.46
P0145,Musical Instrument,East China,Autumn,0,104,1299.64,0,36-50,Medium,4.8,316,3112.83,0.46
P0146,Musical Instrument,East China,Summer,0,102,1046.24,1,26-35,High,4.4,414,1247.4,0.63
P0147,Musical Instrument,South China,Winter,0,92,1177.99,0,26-35,Low,4.4,464,2668.39,0.48
P0148,Sculpture,East China,Winter,1,125,4611.49,1,18-25,High,3.6,67,3460.72,0.74
P0149,Folk Painting,North China,Autumn,0,104,3607.52,0,36-50,Medium,4.3,107,1170.89,0.31
P0150,Musical Instrument,West China,Spring,0,112,3711.82,0,50+,Low,1.8,134,3309.04,0.21
P0151,Handicraft,North China,Spring,0,111,3990.58,0,18-25,High,2.6,457,306.51,0.44
P0152,Handicraft,North China,Summer,0,104,1847.21,1,50+,Medium,3.6,358,1588.09,0.55
P0153,Handicraft,East China,Spring,0,90,3859.2,0,26-35,Low,4.5,143,3402.46,0.3
P0154,Handicraft,North China,Spring,1,98,4894.23,0,50+,High,3.6,493,831.81,0.75
P0155,Sculpture,East China,Summer,1,100,3522.13,1,26-35,High,4.4,235,1188.78,0.8
P0156,Handicraft,West China,Autumn,1,111,2142.09,0,50+,Low,2.9,442,4407.56,0.73
P0157,Musical Instrument,West China,Winter,1,81,3610.16,0,50+,Medium,3.9,209,3404.17,0.56
P0158,Textile,North China,Summer,0,113,4513.89,1,36-50,Low,4.9,46,2544.7,0.48
P0159,Handicraft,South China,Autumn,1,82,730.93,0,50+,High,1.6,147,1133.38,0.4
P0160,Sculpture,East China,Summer,0,114,1399.94,0,18-25,High,4.7,217,1772.91,0.43
P0161,Sculpture,East China,Autumn,0,112,4604.55,1,36-50,High,3.1,203,2914.22,0.46
P0162,Handicraft,North China,Summer,0,89,4736.54,1,18-25,Medium,3.6,65,861.03,0.34
P0163,Textile,East China,Autumn,0,100,2472.28,1,50+,High,4.5,348,2460.55,0.59
P0164,Handicraft,East China,Summer,1,101,1935.3,1,50+,High,2.6,336,2103.97,0.76
P0165,Sculpture,South China,Autumn,0,96,1485.63,0,36-50,Low,2.7,331,2435.77,0.32
P0166,Folk Painting,South China,Summer,1,87,2543.88,1,26-35,High,3.1,310,617.25,0.73
P0167,Musical Instrument,North China,Winter,0,110,4679.2,1,36-50,Low,1.1,96,621.84,0.28
P0168,Sculpture,South China,Winter,0,97,834.07,1,26-35,High,3.0,104,4824.14,0.36
P0169,Handicraft,North China,Spring,1,97,2157.17,0,26-35,Low,2.2,205,4898.9,0.51
P0170,Musical Instrument,West China,Autumn,0,113,4566.88,1,50+,Low,4.7,201,2188.21,0.56
P0171,Handicraft,North China,Summer,0,99,1810.68,0,18-25,Low,1.4,153,3966.08,0.16
P0172,Handicraft,West China,Autumn,0,112,3863.6,1,36-50,Low,2.8,19,3313.38,0.34
P0173,Folk Painting,North China,Winter,0,106,2007.37,0,36-50,Medium,4.8,250,672.89,0.43
P0174,Musical Instrument,East China,Autumn,0,98,4044.14,1,50+,High,4.6,158,1553.73,0.48
P0175,Musical Instrument,South China,Summer,0,97,4906.91,1,50+,Medium,3.8,485,1636.89,0.62
P0176,Folk Painting,West China,Autumn,1,92,2000.33,0,36-50,High,3.4,149,3019.29,0.53
P0177,Sculpture,North China,Summer,1,95,4240.98,1,36-50,Low,2.1,22,2941.89,0.53
P0178,Handicraft,South China,Winter,1,84,4943.24,0,18-25,High,2.5,263,4625.19,0.52
P0179,Textile,North China,Winter,1,98,4920.77,1,50+,Low,1.4,497,3971.18,0.77
P0180,Handicraft,South China,Winter,0,105,2225.48,0,18-25,High,4.1,90,4298.55,0.29
P0181,Handicraft,South China,Spring,0,99,2480.23,1,50+,Low,2.3,219,4467.02,0.39
P0182,Sculpture,North China,Winter,0,92,1586.67,0,50+,High,3.7,382,4026.26,0.4
P0183,Handicraft,West China,Autumn,0,103,1638.69,0,18-25,High,2.4,403,1731.12,0.37
P0184,Folk Painting,West China,Spring,1,112,2513.11,0,26-35,High,2.9,387,1153.56,0.7
P0185,Folk Painting,East China,Winter,0,104,1082.54,1,26-35,Low,3.2,229,2901.66,0.46
P0186,Musical Instrument,South China,Autumn,0,99,3584.5,1,26-35,High,4.2,406,3478.88,0.6
P0187,Textile,East China,Autumn,0,112,2727.91,0,50+,Low,1.8,427,1994.18,0.38
P0188,Handicraft,East China,Autumn,0,115,4500.53,0,18-25,Medium,2.6,68,4256.86,0.23
P0189,Handicraft,North China,Summer,0,100,4071.85,0,26-35,High,1.5,137,4806.78,0.16
P0190,Sculpture,North China,Spring,0,106,1680.11,1,36-50,Low,1.3,314,2890.04,0.41
P0191,Folk Painting,North China,Autumn,0,93,2578.44,1,26-35,Low,3.4,271,2337.3,0.46
P0192,Textile,South China,Summer,0,113,3777.52,0,18-25,Low,1.8,277,4230.15,0.29
P0193,Musical Instrument,North China,Winter,0,104,1046.68,0,50+,Medium,1.2,38,218.92,0.1
P0194,Folk Painting,North China,Autumn,0,105,254.83,0,18-25,Low,4.6,342,732.16,0.46
P0195,Musical Instrument,South China,Summer,1,97,4276.29,1,50+,Medium,3.1,389,4243.72,0.8
P0196,Sculpture,South China,Autumn,0,96,774.0,0,18-25,Medium,1.5,291,3686.94,0.23
P0197,Sculpture,West China,Spring,0,104,4458.12,1,18-25,Low,1.2,77,2139.07,0.26
P0198,Handicraft,North China,Spring,1,130,4576.68,0,36-50,High,1.5,216,4455.37,0.58
P0199,Textile,North China,Winter,0,95,2357.43,0,26-35,Medium,2.9,281,1822.15,0.3
P0200,Musical Instrument,North China,Autumn,1,93,4053.23,0,26-35,Low,3.7,318,3205.84,0.64
P0201,Folk Painting,West China,Summer,1,95,1879.64,1,18-25,Medium,3.6,412,3208.24,0.84
P0202,Sculpture,North China,Winter,0,100,4305.5,1,26-35,Low,1.6,184,1003.23,0.33
P0203,Handicraft,West China,Autumn,1,108,4140.94,0,36-50,Low,3.5,227,1495.77,0.63
P0204,Handicraft,East China,Winter,1,95,484.74,0,18-25,Medium,2.6,169,4588.43,0.51
P0205,Musical Instrument,West China,Summer,0,105,2954.75,0,26-35,Low,2.9,335,998.73,0.36
P0206,Sculpture,East China,Winter,0,115,3235.99,1,26-35,Medium,4.2,253,950.52,0.56
P0207,Textile,North China,Winter,1,91,104.2,1,50+,Low,2.3,262,2450.12,0.67
P0208,Sculpture,East China,Winter,1,94,4901.6,0,26-35,High,1.6,463,551.77,0.61
P0209,Musical Instrument,West China,Autumn,0,84,2092.18,0,26-35,High,4.5,198,4483.67,0.31
P0210,Musical Instrument,South China,Summer,0,117,2634.98,1,50+,Medium,1.8,270,590.73,0.44
P0211,Sculpture,East China,Spring,1,96,1054.54,1,18-25,Medium,2.2,452,3121.13,0.79
P0212,Musical Instrument,East China,Autumn,0,103,3093.5,0,18-25,Medium,3.8,395,1764.93,0.44
P0213,Sculpture,North China,Spring,0,107,4072.04,1,36-50,Medium,3.7,139,4040.94,0.45
P0214,Folk Painting,West China,Spring,1,77,2970.87,1,50+,High,4.2,494,2990.07,0.86
P0215,Sculpture,East China,Autumn,0,110,3961.37,0,18-25,Medium,1.7,12,2002.7,0.13
P0216,Sculpture,East China,Autumn,0,108,3682.43,0,26-35,Low,2.4,463,4920.98,0.42
P0217,Musical Instrument,East China,Summer,1,105,1264.52,0,26-35,Low,1.5,360,424.53,0.58
P0218,Musical Instrument,East China,Summer,1,105,2235.48,1,26-35,Medium,3.2,52,2931.15,0.64
P0219,Handicraft,South China,Winter,0,102,828.27,1,36-50,Low,2.2,142,4948.88,0.35
P0220,Handicraft,West China,Spring,0,110,305.49,1,18-25,Medium,3.8,187,3485.67,0.49
P0221,Folk Painting,North China,Summer,0,101,409.04,0,50+,Low,1.0,275,3724.87,0.21
P0222,Handicraft,North China,Winter,1,92,4718.25,1,18-25,Low,1.2,420,257.25,0.7
P0223,Sculpture,South China,Summer,0,110,4924.23,0,50+,Medium,2.7,33,204.68,0.2
P0224,Musical Instrument,West China,Autumn,0,96,565.39,0,50+,Medium,4.8,31,276.94,0.27
P0225,Handicraft,East China,Summer,0,106,1742.45,1,18-25,High,4.6,354,4959.45,0.62
P0226,Handicraft,South China,Spring,1,76,660.66,1,26-35,Medium,5.0,12,4899.65,0.63
P0227,Folk Painting,West China,Summer,0,104,4187.72,0,26-35,High,2.7,409,1739.09,0.39
P0228,Folk Painting,East China,Spring,0,94,2531.86,1,50+,Medium,1.2,167,1525.81,0.28
P0229,Sculpture,South China,Autumn,0,90,3144.18,0,26-35,Low,2.2,377,815.2,0.3
P0230,Musical Instrument,West China,Spring,1,120,2745.56,0,36-50,High,3.7,436,1712.79,0.79
P0231,Folk Painting,North China,Summer,0,102,3580.24,0,36-50,Low,1.5,13,1913.73,0.1
P0232,Handicraft,North China,Winter,0,109,1663.75,1,50+,Medium,2.2,116,3766.59,0.36
P0233,Musical Instrument,West China,Autumn,0,110,773.72,0,26-35,Medium,1.2,305,4344.84,0.27
P0234,Musical Instrument,North China,Summer,1,98,186.34,0,50+,Medium,2.9,281,3759.0,0.59
P0235,Handicraft,West China,Autumn,0,134,2283.9,0,36-50,Medium,1.8,241,3267.73,0.34
P0236,Folk Painting,East China,Autumn,0,110,4548.39,1,36-50,High,1.4,370,3852.91,0.46
P0237,Handicraft,West China,Summer,0,101,1595.81,0,36-50,High,2.6,247,3718.64,0.29
P0238,Musical Instrument,East China,Summer,1,103,1060.19,0,18-25,Medium,2.4,81,2431.17,0.47
P0239,Textile,South China,Winter,0,95,4637.61,1,36-50,Low,3.2,97,1745.67,0.36
P0240,Textile,West China,Autumn,1,93,616.7,1,26-35,High,4.0,25,1485.63,0.64
P0241,Sculpture,South China,Autumn,1,99,353.83,0,18-25,Low,1.5,383,3428.84,0.58
P0242,Handicraft,North China,Summer,0,91,4409.12,0,36-50,Medium,4.2,100,4800.59,0.26
P0243,Handicraft,East China,Spring,0,100,3534.46,1,26-35,High,1.1,459,2947.17,0.46
P0244,Sculpture,West China,Summer,0,90,2168.14,0,36-50,High,2.8,448,4571.38,0.38
P0245,Sculpture,South China,Autumn,0,108,3786.49,1,26-35,High,3.3,29,169.72,0.36
P0246,Sculpture,East China,Summer,0,94,3733.06,0,26-35,Low,4.8,444,3992.91,0.5
P0247,Musical Instrument,East China,Winter,0,104,296.3,0,36-50,Medium,3.3,221,4282.65,0.32
P0248,Handicraft,North China,Spring,1,88,3413.61,0,36-50,Medium,1.6,93,3191.87,0.38
P0249,Musical Instrument,North China,Summer,0,103,3240.27,1,18-25,High,3.1,348,4676.9,0.52
P0250,Sculpture,East China,Winter,1,109,4822.52,1,36-50,High,2.6,450,2990.57,0.85
P0251,Handicraft,East China,Autumn,0,95,4836.45,1,26-35,Medium,2.9,135,1278.63,0.36
P0252,Musical Instrument,West China,Summer,0,95,1951.22,0,50+,Low,1.8,60,1157.01,0.12
P0253,Musical Instrument,East China,Autumn,1,110,2990.23,1,18-25,High,3.0,27,2823.6,0.63
P0254,Sculpture,West China,Winter,0,90,792.65,0,26-35,Low,1.6,470,4541.77,0.32
P0255,Handicraft,East China,Autumn,1,103,425.64,1,26-35,Low,4.0,346,454.6,0.85
P0256,Sculpture,North China,Winter,0,78,2220.62,0,50+,Medium,3.4,452,3061.51,0.38
P0257,Handicraft,West China,Winter,0,109,3480.42,1,36-50,Medium,1.3,362,3872.04,0.44
P0258,Textile,South China,Winter,1,112,2882.03,1,26-35,Low,4.6,126,665.47,0.79
P0259,Folk Painting,North China,Summer,0,98,2205.32,0,50+,Low,3.5,133,672.17,0.26
P0260,Folk Painting,West China,Autumn,0,88,4108.75,0,50+,Medium,2.3,37,1894.03,0.11
P0261,Folk Painting,West China,Autumn,1,102,3992.69,0,36-50,High,1.2,462,1442.02,0.61
P0262,Sculpture,South China,Spring,0,100,3686.52,0,50+,Low,3.5,421,1071.74,0.43
P0263,Textile,West China,Spring,1,99,477.46,0,50+,High,2.5,354,1073.6,0.62
P0264,Handicraft,East China,Spring,1,112,4002.7,1,50+,Low,4.6,477,740.28,0.98
P0265,Musical Instrument,South China,Spring,1,97,4605.16,0,50+,Medium,1.1,478,3093.18,0.6
P0266,Handicraft,North China,Autumn,0,104,391.27,1,50+,High,1.2,150,3471.82,0.3
P0267,Musical Instrument,North China,Winter,0,97,2068.19,0,50+,Medium,4.8,15,3544.39,0.27
P0268,Handicraft,East China,Winter,1,97,4942.94,0,26-35,Low,4.9,166,2708.53,0.64
P0269,Textile,North China,Summer,0,102,3036.27,0,18-25,Medium,1.1,115,4769.24,0.13
P0270,Musical Instrument,West China,Winter,0,89,2616.53,0,36-50,High,3.9,128,4414.61,0.26
P0271,Sculpture,West China,Autumn,0,102,969.49,1,18-25,Medium,1.9,146,4792.39,0.33
P0272,Handicraft,East China,Autumn,0,82,2870.88,0,36-50,High,3.8,38,2005.1,0.18
P0273,Handicraft,North China,Autumn,1,90,2251.31,1,18-25,Medium,4.5,175,4401.14,0.74
P0274,Musical Instrument,North China,Summer,1,96,724.47,0,36-50,Medium,1.4,74,3838.09,0.39
P0275,Sculpture,East China,Spring,0,104,2375.23,1,50+,High,2.0,65,1765.87,0.3
P0276,Sculpture,South China,Winter,0,93,905.56,1,18-25,High,1.1,295,622.31,0.34
P0277,Textile,North China,Autumn,1,108,3680.25,0,18-25,High,1.2,379,3444.84,0.58
P0278,Sculpture,South China,Autumn,0,94,4870.88,0,36-50,Low,1.1,105,768.62,0.1
P0279,Sculpture,North China,Spring,1,108,2400.93,0,36-50,Medium,4.2,386,1539.5,0.76
P0280,Sculpture,North China,Autumn,0,96,3198.6,1,26-35,High,2.2,452,2551.79,0.5
P0281,Folk Painting,North China,Winter,0,105,2211.78,0,50+,Low,3.0,224,3431.42,0.31
P0282,Textile,North China,Summer,0,97,778.42,1,50+,Low,4.2,240,4638.52,0.5
P0283,Handicraft,West China,Autumn,1,88,4855.72,0,26-35,High,3.0,67,3006.88,0.45
P0284,Musical Instrument,South China,Winter,0,119,734.94,0,36-50,High,2.7,403,3389.92,0.44
P0285,Handicraft,South China,Autumn,0,95,646.97,0,50+,High,1.0,414,1619.07,0.27
P0286,Textile,North China,Spring,0,93,2349.95,0,36-50,Low,3.3,193,3467.73,0.27
P0287,Musical Instrument,North China,Autumn,1,103,3328.55,1,50+,Low,1.5,291,2245.17,0.68
P0288,Textile,South China,Autumn,1,77,1839.12,0,18-25,Medium,4.1,280,4298.96,0.6
P0289,Sculpture,West China,Summer,0,103,1043.33,1,18-25,Low,2.0,218,2023.01,0.38
P0290,Musical Instrument,East China,Spring,0,114,4112.92,1,50+,High,3.7,172,2394.53,0.49
P0291,Sculpture,East China,Spring,0,94,1879.21,0,50+,Medium,3.6,98,2219.68,0.24
P0292,Handicraft,South China,Summer,0,88,1052.17,0,50+,Medium,3.5,280,4074.5,0.32
P0293,Handicraft,North China,Autumn,0,89,1888.92,0,26-35,Medium,2.1,106,4773.13,0.14
P0294,Musical Instrument,North China,Winter,0,99,1151.32,1,50+,Medium,2.1,84,1703.65,0.3
P0295,Musical Instrument,West China,Spring,0,89,2645.29,0,26-35,High,4.5,97,2427.64,0.27
P0296,Textile,East China,Spring,0,78,3374.62,0,26-35,Medium,1.1,15,3559.04,0.0
P0297,Textile,West China,Autumn,0,104,4017.83,0,18-25,High,1.7,165,4487.37,0.2
P0298,Sculpture,East China,Autumn,1,105,1215.05,0,50+,Low,3.4,72,2519.13,0.53
P0299,Musical Instrument,South China,Spring,0,99,918.07,1,18-25,High,4.3,38,633.58,0.4
P0300,Handicraft,East China,Autumn,0,95,196.06,1,18-25,Medium,2.4,313,1906.49,0.43
P0301,Textile,West China,Winter,0,108,1217.63,0,26-35,Low,3.6,200,2796.77,0.34
P0302,Textile,West China,Spring,0,97,217.14,1,36-50,Low,3.2,451,2145.87,0.56
P0303,Handicraft,West China,Winter,0,103,1792.82,1,26-35,Low,1.3,414,1014.12,0.45
P0304,Textile,South China,Winter,1,111,813.9,0,18-25,Medium,3.5,213,281.25,0.63
P0305,Sculpture,East China,Autumn,0,101,2941.49,1,26-35,High,4.3,287,3468.3,0.55
P0306,Musical Instrument,East China,Winter,0,103,1980.26,0,26-35,High,5.0,36,4964.41,0.31
P0307,Handicraft,West China,Autumn,0,94,558.57,1,26-35,Medium,1.1,94,4604.11,0.23
P0308,Musical Instrument,East China,Summer,1,108,2059.35,1,50+,Medium,3.6,344,3448.03,0.84
P0309,Textile,North China,Autumn,0,103,1125.81,1,26-35,Low,2.7,450,4223.5,0.55
P0310,Textile,North China,Winter,0,91,3432.87,0,18-25,High,1.0,219,1353.07,0.15
P0311,Handicraft,North China,Summer,0,101,1885.74,1,26-35,Medium,3.5,147,3149.93,0.42
P0312,Sculpture,East China,Autumn,0,108,820.45,0,50+,Medium,1.5,287,396.96,0.27
P0313,Folk Painting,South China,Winter,1,114,1813.05,0,18-25,High,2.5,181,3565.2,0.56
P0314,Handicraft,South China,Spring,1,81,1199.45,1,26-35,Low,2.0,349,4852.37,0.67
P0315,Folk Painting,South China,Spring,0,110,3999.32,1,18-25,Low,2.4,348,4317.91,0.5
P0316,Folk Painting,South China,Autumn,0,106,4918.5,0,50+,Low,3.0,165,2718.76,0.28
P0317,Sculpture,North China,Autumn,1,95,224.91,1,36-50,High,2.4,238,3964.83,0.67
P0318,Folk Painting,North China,Spring,0,102,3481.1,0,50+,Medium,3.2,315,4725.1,0.36
P0319,Folk Painting,West China,Winter,0,84,1393.39,0,50+,Medium,2.0,188,1158.49,0.17
P0320,Sculpture,East China,Winter,1,98,425.4,1,18-25,Medium,3.5,256,3986.97,0.75
P0321,Folk Painting,East China,Winter,1,113,170.32,0,18-25,Medium,4.4,394,1422.25,0.79
P0322,Folk Painting,South China,Autumn,0,102,4416.95,0,36-50,High,1.9,171,4397.04,0.21
P0323,Folk Painting,North China,Summer,0,97,1832.67,1,36-50,Low,3.0,172,581.94,0.39
P0324,Handicraft,South China,Summer,0,109,4973.27,0,36-50,Low,3.6,227,973.27,0.36
P0325,Handicraft,West China,Summer,1,103,2267.65,0,50+,Low,3.3,326,3631.02,0.66
P0326,Handicraft,East China,Summer,0,111,1019.23,0,50+,Low,2.5,295,956.41,0.34
P0327,Sculpture,East China,Summer,0,89,3908.0,1,36-50,Medium,3.6,85,874.47,0.35
P0328,Textile,South China,Autumn,0,95,4639.81,1,36-50,Medium,1.1,471,2821.79,0.45
P0329,Folk Painting,West China,Autumn,0,104,4096.54,0,36-50,High,2.5,496,4191.44,0.43
P0330,Folk Painting,East China,Summer,0,91,3751.48,0,26-35,Low,3.1,461,1415.49,0.4
P0331,Sculpture,West China,Autumn,0,101,1740.03,1,26-35,Medium,1.1,213,4221.58,0.32
P0332,Folk Painting,West China,Autumn,0,87,416.0,1,36-50,Medium,3.0,225,4058.97,0.39
P0333,Handicraft,South China,Summer,0,82,1086.37,0,50+,Medium,3.6,433,2937.62,0.39
P0334,Textile,North China,Winter,1,106,2289.37,0,18-25,Low,4.0,232,3268.16,0.65
P0335,Musical Instrument,South China,Autumn,0,102,4785.38,1,50+,Medium,1.5,202,298.16,0.34
P0336,Folk Painting,North China,Winter,1,120,3641.99,0,18-25,Low,5.0,302,1898.96,0.79
P0337,Handicraft,West China,Autumn,1,101,4158.59,0,36-50,Low,3.4,201,1390.64,0.59
P0338,Musical Instrument,North China,Autumn,0,94,1458.74,1,26-35,High,2.5,394,835.02,0.48
P0339,Textile,West China,Summer,0,95,3450.73,0,26-35,High,2.0,408,2009.33,0.32
P0340,Musical Instrument,East China,Autumn,1,90,4325.95,0,18-25,Low,3.3,278,1839.03,0.59
P0341,Handicraft,East China,Spring,0,93,2449.12,1,36-50,Low,4.5,422,3671.57,0.61
P0342,Musical Instrument,East China,Spring,0,104,2206.47,0,26-35,Low,3.1,448,3030.67,0.44
P0343,Sculpture,South China,Summer,0,93,3625.08,0,36-50,Medium,3.6,310,4574.19,0.35
P0344,Musical Instrument,South China,Winter,0,96,2843.57,0,36-50,Medium,2.4,269,812.5,0.27
P0345,Folk Painting,West China,Winter,1,99,4966.54,1,18-25,Medium,2.6,201,392.77,0.68
P0346,Folk Painting,East China,Winter,1,95,2183.0,1,36-50,High,2.1,280,2719.58,0.68
P0347,Sculpture,South China,Spring,1,114,962.12,0,36-50,Low,3.8,113,105.03,0.6
P0348,Handicraft,East China,Winter,0,102,2412.48,1,18-25,Medium,2.4,441,3959.82,0.53
P0349,Folk Painting,South China,Winter,0,104,1252.5,0,26-35,Medium,1.8,213,2579.27,0.23
P0350,Textile,North China,Summer,0,90,2850.14,0,50+,High,2.5,193,2491.52,0.22
P0351,Folk Painting,North China,Winter,0,79,716.41,1,36-50,High,4.4,226,1876.23,0.45
P0352,Folk Painting,East China,Spring,0,95,4754.88,0,18-25,Low,4.0,100,1937.37,0.26
P0353,Handicraft,West China,Spring,0,118,4313.13,1,26-35,Low,2.3,207,2212.56,0.44
P0354,Musical Instrument,South China,Spring,0,127,862.27,1,36-50,Medium,4.6,480,178.56,0.75
P0355,Folk Painting,South China,Summer,0,94,944.73,0,50+,Medium,1.3,408,509.37,0.28
P0356,Sculpture,North China,Summer,0,114,2610.95,1,26-35,Medium,1.2,48,2574.74,0.28
P0357,Musical Instrument,North China,Autumn,0,119,3887.12,0,18-25,Medium,1.5,206,835.6,0.26
P0358,Textile,West China,Winter,0,110,1173.49,1,36-50,Medium,1.5,480,3915.94,0.52
P0359,Handicraft,West China,Summer,0,91,398.76,0,18-25,High,1.4,88,1444.98,0.1
P0360,Textile,West China,Spring,0,119,2773.12,0,50+,Low,3.6,226,579.71,0.39
P0361,Musical Instrument,East China,Spring,1,102,3488.83,1,50+,High,3.4,325,1252.53,0.8
P0362,Musical Instrument,North China,Summer,1,97,1297.39,1,18-25,Low,3.6,103,1849.78,0.67
P0363,Musical Instrument,East China,Summer,1,106,3724.86,0,36-50,Low,3.8,181,273.05,0.61
P0364,Textile,North China,Summer,0,100,4758.15,0,18-25,Low,4.0,52,794.21,0.25
P0365,Musical Instrument,North China,Autumn,0,103,771.66,0,26-35,High,1.8,141,1686.85,0.19
P0366,Textile,South China,Spring,0,94,2604.04,0,18-25,Medium,3.5,86,1621.35,0.22
P0367,Musical Instrument,North China,Autumn,1,112,378.53,0,50+,Low,3.3,443,4021.89,0.75
P0368,Sculpture,North China,Autumn,0,119,1112.64,1,36-50,Low,4.8,241,4231.95,0.6
P0369,Musical Instrument,East China,Winter,1,108,540.11,0,36-50,High,1.9,48,1047.75,0.44
P0370,Textile,North China,Spring,0,98,2079.63,1,50+,High,1.2,63,707.31,0.24
P0371,Folk Painting,East China,Spring,1,92,4122.08,0,50+,Medium,3.6,160,3207.4,0.55
P0372,Musical Instrument,West China,Summer,1,94,2927.94,1,26-35,Medium,4.0,197,4042.66,0.74
P0373,Folk Painting,North China,Summer,0,99,1190.67,0,50+,Low,2.1,473,4822.24,0.38
P0374,Sculpture,North China,Winter,0,96,296.54,1,50+,High,3.3,428,133.3,0.55
P0375,Handicraft,East China,Autumn,0,115,2811.65,0,50+,Medium,1.2,319,2127.02,0.29
P0376,Sculpture,West China,Summer,0,103,750.7,1,36-50,Medium,4.8,195,3696.54,0.53
P0377,Musical Instrument,South China,Summer,0,101,1779.4,0,50+,Medium,1.4,327,4159.94,0.26
P0378,Folk Painting,West China,Spring,0,107,2599.94,0,18-25,High,1.3,473,405.2,0.36
P0379,Folk Painting,East China,Spring,0,106,4528.29,0,18-25,High,1.2,441,3435.01,0.33
P0380,Textile,West China,Summer,0,100,500.93,0,36-50,High,2.7,144,1515.8,0.23
P0381,Folk Painting,East China,Spring,0,98,3376.18,1,26-35,High,1.4,182,465.53,0.31
P0382,Textile,East China,Winter,0,93,169.0,0,26-35,High,4.0,278,2496.6,0.36
P0383,Handicraft,South China,Summer,0,97,3186.55,1,36-50,Low,4.6,446,874.95,0.64
P0384,Musical Instrument,North China,Spring,0,92,2802.51,0,18-25,Low,2.0,124,3711.34,0.16
P0385,Textile,East China,Winter,1,82,4078.15,0,36-50,High,3.5,230,3732.18,0.55
P0386,Handicraft,East China,Spring,0,108,2705.15,1,50+,Low,1.2,48,4226.13,0.26
P0387,Folk Painting,South China,Spring,1,106,1827.82,1,36-50,High,2.5,349,1950.09,0.78
P0388,Folk Painting,East China,Spring,0,123,1289.48,0,26-35,Low,2.2,251,165.22,0.33
P0389,Handicraft,North China,Summer,0,88,517.72,1,18-25,Low,1.9,230,1372.71,0.34
P0390,Folk Painting,South China,Autumn,0,85,2719.6,1,26-35,Medium,3.6,155,2392.28,0.38
P0391,Handicraft,North China,Spring,0,91,4452.78,1,26-35,High,1.5,415,3500.66,0.43
P0392,Textile,North China,Winter,0,74,2622.25,0,18-25,Low,4.4,173,1972.0,0.26
P0393,Textile,South China,Summer,0,91,3721.6,1,50+,Low,3.7,370,2726.64,0.53
P0394,Handicraft,East China,Summer,0,114,1562.33,0,18-25,Medium,3.8,446,2668.89,0.51
P0395,Textile,North China,Winter,0,87,2295.84,1,18-25,Low,4.7,377,908.41,0.58
P0396,Textile,North China,Spring,0,93,1690.56,0,36-50,Medium,4.8,493,3152.94,0.52
P0397,Textile,North China,Autumn,1,96,635.4,1,18-25,Low,3.2,337,2252.33,0.78
P0398,Sculpture,North China,Spring,0,95,2143.24,1,36-50,Medium,3.0,268,4058.8,0.44
P0399,Musical Instrument,South China,Winter,0,84,3845.01,0,26-35,Medium,2.3,199,3483.99,0.19
P0400,Folk Painting,South China,Summer,1,94,2035.38,0,18-25,High,3.9,422,646.2,0.72
P0401,Sculpture,West China,Autumn,0,92,3285.88,1,50+,High,3.2,338,2494.92,0.48
P0402,Textile,West China,Summer,1,122,3817.22,0,36-50,Low,4.7,273,3542.22,0.77
P0403,Handicraft,North China,Winter,0,96,1681.41,0,36-50,High,2.0,231,526.36,0.23
P0404,Textile,East China,Spring,0,95,4007.82,0,50+,High,2.2,341,3983.24,0.3
P0405,Musical Instrument,North China,Autumn,1,112,1760.74,1,36-50,High,2.3,183,1187.82,0.69
P0406,Textile,East China,Summer,0,107,1354.92,1,36-50,Low,4.2,101,2565.12,0.45
P0407,Handicraft,North China,Summer,1,88,1189.99,1,50+,Low,1.4,449,4708.75,0.71
P0408,Musical Instrument,West China,Summer,0,112,1079.53,0,26-35,High,2.8,115,2899.54,0.26
P0409,Textile,West China,Spring,0,109,3711.91,0,18-25,High,2.7,254,2177.87,0.32
P0410,Musical Instrument,East China,Autumn,1,100,4448.8,0,18-25,Low,1.3,314,133.3,0.53
P0411,Folk Painting,North China,Spring,0,103,1230.18,1,18-25,High,2.6,52,753.73,0.32
P0412,Folk Painting,East China,Spring,1,108,517.68,0,18-25,Medium,3.1,403,2935.45,0.71
P0413,Textile,West China,Spring,0,105,1637.46,0,18-25,Low,1.3,406,2519.74,0.31
P0414,Musical Instrument,North China,Winter,0,111,3323.45,1,18-25,Low,3.0,450,1882.76,0.59
P0415,Handicraft,North China,Winter,0,100,1905.75,1,36-50,Medium,4.8,267,4623.76,0.56
P0416,Textile,East China,Winter,1,107,2790.97,0,18-25,High,4.9,330,1729.16,0.76
P0417,Folk Painting,South China,Autumn,0,107,3747.09,0,36-50,Medium,3.1,95,2732.04,0.25
P0418,Folk Painting,East China,Spring,0,108,2101.54,0,50+,High,3.1,106,2886.7,0.26
P0419,Textile,West China,Spring,1,93,4998.5,1,26-35,High,2.1,473,2684.6,0.78
P0420,Musical Instrument,West China,Winter,1,76,1559.95,0,36-50,Low,5.0,435,2440.17,0.73
P0421,Folk Painting,West China,Spring,0,107,4893.42,1,26-35,Low,2.1,451,1751.61,0.53
P0422,Musical Instrument,West China,Spring,0,93,1094.85,0,50+,High,2.8,486,4552.94,0.41
P0423,Folk Painting,West China,Summer,0,100,643.57,1,18-25,Medium,1.0,275,2308.94,0.35
P0424,Folk Painting,South China,Spring,0,93,3779.07,0,26-35,Low,2.4,72,2689.4,0.15
P0425,Sculpture,North China,Summer,0,110,3541.32,0,26-35,High,1.3,112,3316.74,0.16
P0426,Folk Painting,East China,Spring,0,98,4074.73,1,50+,Low,4.0,263,431.51,0.51
P0427,Handicraft,East China,Autumn,0,94,1783.59,1,50+,Low,3.2,464,3928.31,0.56
P0428,Textile,West China,Winter,1,94,4660.96,1,50+,Low,3.3,326,2611.29,0.77
P0429,Textile,East China,Summer,1,105,685.46,1,36-50,Medium,2.1,10,3320.17,0.56
P0430,Musical Instrument,West China,Winter,0,92,248.36,0,36-50,Medium,4.3,163,3882.86,0.31
P0431,Folk Painting,South China,Summer,0,113,1572.76,0,26-35,High,1.0,270,4383.09,0.25
P0432,Handicraft,South China,Summer,0,98,4006.89,0,50+,Medium,2.3,44,2021.88,0.15
P0433,Musical Instrument,North China,Summer,0,106,3397.61,1,26-35,High,3.6,390,4076.01,0.58
P0434,Sculpture,South China,Autumn,1,90,2237.42,0,18-25,High,4.6,406,1368.3,0.74
P0435,Musical Instrument,South China,Spring,0,92,1355.64,0,50+,Low,1.9,36,3335.64,0.1
P0436,Musical Instrument,North China,Summer,0,106,390.44,0,36-50,Low,3.2,405,603.27,0.42
P0437,Folk Painting,East China,Autumn,0,97,1753.78,1,50+,Medium,3.2,359,198.15,0.51
P0438,Sculpture,West China,Summer,0,122,2354.1,1,26-35,High,4.5,315,569.24,0.64
P0439,Musical Instrument,West China,Spring,0,105,3466.42,1,36-50,High,1.2,233,1664.97,0.35
P0440,Handicraft,East China,Summer,0,89,3265.26,0,18-25,Low,2.7,196,252.36,0.23
P0441,Handicraft,North China,Autumn,0,101,4741.99,1,18-25,Low,1.7,168,3189.41,0.33
P0442,Textile,East China,Spring,0,95,591.94,0,26-35,Low,1.1,78,1651.07,0.09
P0443,Sculpture,South China,Autumn,1,92,1748.07,0,50+,Medium,1.6,174,3708.24,0.44
P0444,Sculpture,North China,Spring,1,122,2459.73,0,18-25,High,4.9,267,324.98,0.77
P0445,Textile,North China,Spring,0,88,3386.41,0,26-35,High,1.9,111,1161.84,0.13
P0446,Musical Instrument,North China,Winter,0,107,2527.71,1,36-50,High,4.7,464,2099.22,0.69
P0447,Sculpture,West China,Winter,0,87,4572.52,1,36-50,Low,1.8,202,1974.99,0.31
P0448,Handicraft,East China,Winter,0,85,3082.49,0,26-35,Medium,4.7,268,741.89,0.37
P0449,Handicraft,North China,Spring,0,105,294.36,1,50+,Medium,3.6,413,4971.27,0.59
P0450,Folk Painting,North China,Summer,0,95,656.91,0,50+,Low,1.5,395,1493.75,0.29
P0451,Sculpture,North China,Autumn,0,90,3792.13,0,50+,Medium,3.3,307,3633.06,0.33
P0452,Musical Instrument,East China,Autumn,0,126,3607.36,0,50+,Medium,2.3,308,1178.13,0.38
P0453,Textile,West China,Autumn,0,109,852.14,0,26-35,High,2.5,30,4401.47,0.18
P0454,Textile,South China,Winter,0,102,388.65,0,26-35,Low,2.8,54,2000.02,0.19
P0455,Musical Instrument,West China,Spring,1,108,2935.72,1,36-50,Low,2.7,489,4514.42,0.87
P0456,Folk Painting,North China,Winter,0,97,3215.12,1,36-50,Low,3.7,285,1774.99,0.5
P0457,Textile,West China,Summer,0,101,762.97,1,50+,Low,4.1,180,142.35,0.47
P0458,Sculpture,West China,Spring,0,84,2420.73,0,18-25,High,2.3,187,2633.4,0.18
P0459,Folk Painting,South China,Autumn,1,105,1598.57,1,18-25,Medium,4.7,232,2671.46,0.83
P0460,Sculpture,East China,Winter,1,100,4663.4,1,36-50,Medium,4.8,308,687.19,0.86
P0461,Handicraft,East China,Winter,1,85,1174.08,1,36-50,High,1.2,490,1251.32,0.72
P0462,Folk Painting,West China,Summer,0,93,3692.98,0,26-35,Medium,1.1,33,3939.13,0.06
P0463,Textile,West China,Summer,0,108,2638.86,1,36-50,Low,2.7,347,280.1,0.51
P0464,Folk Painting,East China,Winter,1,102,156.45,1,36-50,High,3.4,93,2498.68,0.67
P0465,Folk Painting,East China,Summer,0,99,2633.29,1,50+,High,2.1,69,2699.0,0.29
P0466,Folk Painting,South China,Autumn,0,105,587.41,0,18-25,Low,2.0,297,3474.69,0.29
P0467,Folk Painting,North China,Summer,1,110,3329.4,0,18-25,Low,3.7,131,283.54,0.59
P0468,Sculpture,West China,Summer,0,90,2871.07,0,26-35,Low,3.4,14,2969.67,0.17
P0469,Handicraft,East China,Winter,0,112,151.09,0,18-25,Medium,1.7,395,115.18,0.35
P0470,Musical Instrument,West China,Winter,0,107,1102.99,0,50+,Low,4.5,163,1399.37,0.36
P0471,Folk Painting,West China,Spring,0,111,3903.5,1,50+,High,3.7,290,2548.45,0.54
P0472,Textile,East China,Spring,0,126,1451.29,0,26-35,Medium,2.5,443,4565.28,0.47
P0473,Folk Painting,South China,Winter,0,98,2546.49,0,36-50,Medium,3.7,351,720.29,0.4
P0474,Textile,West China,Summer,1,97,1628.79,0,36-50,High,1.5,432,929.52,0.6
P0475,Sculpture,South China,Summer,0,103,4615.48,0,50+,Medium,2.9,95,3379.33,0.22
P0476,Textile,East China,Spring,1,104,2729.23,0,26-35,Low,1.7,84,1936.82,0.43
P0477,Musical Instrument,North China,Spring,0,107,3511.25,0,50+,Low,1.2,276,3154.76,0.24
P0478,Handicraft,North China,Spring,0,89,509.03,0,18-25,Low,2.4,200,4987.53,0.21
P0479,Textile,West China,Autumn,1,112,297.65,1,18-25,Low,1.6,261,4935.67,0.69
P0480,Textile,East China,Autumn,1,101,1370.22,0,50+,Medium,3.5,77,1833.2,0.52
P0481,Handicraft,South China,Spring,0,100,1614.76,1,36-50,High,3.7,362,2569.23,0.55
P0482,Musical Instrument,West China,Summer,1,105,3469.63,1,18-25,Medium,1.6,155,4532.98,0.61
P0483,Folk Painting,East China,Spring,1,109,2888.74,0,26-35,High,1.1,488,551.62,0.64
P0484,Textile,East China,Autumn,1,94,1935.44,1,36-50,High,4.2,373,2316.29,0.85
P0485,Handicraft,South China,Summer,0,104,3305.18,0,18-25,Low,1.0,131,1950.13,0.14
P0486,Sculpture,West China,Autumn,1,88,901.47,0,50+,Medium,2.4,421,1544.93,0.61
P0487,Handicraft,East China,Summer,1,98,411.1,0,36-50,Low,3.0,51,4971.6,0.47
P0488,Sculpture,East China,Autumn,1,94,4287.07,0,36-50,Medium,4.3,325,3694.39,0.69
P0489,Musical Instrument,East China,Summer,0,103,2863.34,1,18-25,Medium,4.4,159,2004.86,0.48
P0490,Folk Painting,South China,Summer,0,80,3280.57,0,26-35,Low,3.9,433,4162.21,0.4
P0491,Handicraft,West China,Summer,0,104,1605.49,0,18-25,Medium,2.0,71,2499.36,0.16
P0492,Textile,West China,Summer,0,97,1922.58,0,18-25,Low,3.9,264,4376.84,0.36
P0493,Musical Instrument,West China,Winter,1,118,503.6,0,18-25,High,2.0,140,1405.26,0.53
P0494,Handicraft,West China,Autumn,0,91,4299.24,1,18-25,Low,1.9,336,1195.64,0.41
P0495,Textile,North China,Autumn,0,102,3002.95,0,18-25,Medium,3.2,456,1311.7,0.44
P0496,Handicraft,North China,Winter,1,130,509.78,0,50+,Medium,3.7,386,2738.55,0.8
P0497,Sculpture,West China,Summer,0,103,4042.2,0,18-25,High,1.2,29,1527.44,0.09
P0498,Handicraft,South China,Summer,0,99,2276.17,0,26-35,High,1.2,208,820.89,0.18
P0499,Handicraft,North China,Autumn,0,92,3849.0,0,36-50,High,4.1,336,4973.68,0.39
P0500,Handicraft,East China,Winter,0,96,161.84,0,50+,Low,4.4,230,4512.12,0.36
P0501,Musical Instrument,North China,Summer,0,93,240.82,0,26-35,Low,3.4,419,3211.56,0.4
P0502,Handicraft,East China,Summer,1,90,936.84,1,18-25,Medium,2.7,434,4468.56,0.79
P0503,Textile,West China,Summer,0,89,1133.49,0,26-35,High,4.4,140,4683.77,0.29
P0504,Sculpture,North China,Spring,0,111,3843.38,1,36-50,High,3.9,180,3412.93,0.49
P0505,Sculpture,South China,Winter,0,97,3562.8,1,26-35,Low,3.3,154,2641.53,0.4
P0506,Handicraft,North China,Summer,0,96,3118.83,1,18-25,Medium,2.3,497,4421.81,0.54
P0507,Musical Instrument,North China,Spring,0,116,4435.81,0,36-50,High,1.8,349,2882.21,0.34
P0508,Musical Instrument,North China,Winter,0,107,1311.03,1,18-25,Low,2.7,363,721.32,0.52
P0509,Textile,West China,Summer,0,97,4531.58,1,18-25,Low,2.1,190,1897.59,0.35
P0510,Handicraft,South China,Autumn,1,114,4556.41,1,50+,High,2.4,445,2285.01,0.85
P0511,Sculpture,North China,Spring,0,106,2227.87,0,36-50,High,3.1,170,4683.31,0.29
P0512,Musical Instrument,South China,Spring,0,108,562.49,0,36-50,Medium,1.7,473,3330.01,0.38
P0513,Handicraft,West China,Summer,1,94,3660.14,1,18-25,High,4.2,69,4388.86,0.68
P0514,Musical Instrument,East China,Summer,0,87,1750.95,0,26-35,Low,1.6,224,3812.2,0.17
P0515,Musical Instrument,North China,Spring,0,92,3995.15,0,36-50,High,2.9,77,1618.32,0.18
P0516,Sculpture,South China,Autumn,0,81,902.08,0,26-35,High,4.0,449,3621.67,0.42
P0517,Folk Painting,South China,Autumn,0,89,2743.62,1,26-35,Medium,2.9,370,1056.97,0.48
P0518,Textile,West China,Winter,0,111,2589.56,0,36-50,Low,2.4,201,2099.91,0.28
P0519,Textile,North China,Summer,0,108,591.54,1,26-35,High,2.9,497,4049.85,0.61
P0520,Sculpture,East China,Autumn,0,114,1880.33,0,36-50,Low,4.4,234,3098.45,0.42
P0521,Musical Instrument,South China,Winter,0,117,515.3,0,50+,Medium,5.0,401,4144.52,0.56
P0522,Handicraft,North China,Autumn,0,100,2377.23,0,36-50,Low,3.5,206,1348.05,0.31
P0523,Musical Instrument,East China,Summer,0,101,4230.23,1,36-50,High,4.2,170,3773.77,0.47
P0524,Sculpture,South China,Winter,1,113,1424.0,0,36-50,High,1.1,258,1091.39,0.53
P0525,Textile,South China,Winter,1,92,3847.82,0,50+,Medium,4.5,418,2771.99,0.74
P0526,Musical Instrument,East China,Winter,1,97,998.79,0,26-35,Medium,4.8,464,2224.32,0.8
P0527,Textile,East China,Autumn,0,112,3401.3,0,50+,Medium,3.3,120,2826.73,0.29
P0528,Handicraft,West China,Summer,0,90,4586.13,1,26-35,Low,4.0,400,764.11,0.56
P0529,Textile,North China,Winter,0,78,1687.25,0,36-50,Low,3.1,68,1870.02,0.14
P0530,Textile,North China,Spring,0,82,4512.02,0,36-50,Low,2.1,42,3367.83,0.08
P0531,Folk Painting,West China,Summer,0,99,2576.56,0,50+,Low,4.4,50,2836.8,0.27
P0532,Folk Painting,South China,Spring,0,106,1652.35,0,50+,Medium,3.4,170,2789.95,0.3
P0533,Folk Painting,East China,Spring,0,90,4492.89,1,50+,Low,3.3,38,2603.07,0.31
P0534,Textile,East China,Winter,0,98,256.98,0,50+,Low,3.6,264,4725.04,0.34
P0535,Sculpture,East China,Winter,1,84,237.29,0,36-50,Low,4.4,432,4679.39,0.72
P0536,Textile,South China,Autumn,0,104,3039.17,0,36-50,Low,3.9,194,1864.71,0.34
P0537,Sculpture,East China,Autumn,0,114,4004.08,1,18-25,Medium,1.8,370,1824.29,0.49
P0538,Sculpture,East China,Autumn,0,99,3782.58,0,50+,Medium,2.9,233,2819.0,0.29
P0539,Folk Painting,West China,Summer,0,100,489.4,0,50+,High,4.9,366,568.47,0.48
P0540,Musical Instrument,South China,Autumn,0,89,4756.23,1,26-35,High,3.2,230,1584.73,0.41
P0541,Handicraft,North China,Spring,0,108,3545.01,1,26-35,Low,4.8,329,1231.25,0.62
P0542,Folk Painting,West China,Autumn,0,113,4750.65,0,36-50,Low,4.3,95,1194.61,0.33
P0543,Folk Painting,West China,Winter,1,103,1712.58,0,18-25,Medium,3.7,75,3228.68,0.54
P0544,Musical Instrument,North China,Autumn,1,98,3500.3,0,50+,High,2.4,123,1983.32,0.48
P0545,Handicraft,West China,Summer,1,96,4313.7,1,18-25,Low,2.2,387,938.71,0.75
P0546,Textile,South China,Summer,1,92,1964.27,1,18-25,High,3.6,274,4449.1,0.75
P0547,Textile,East China,Spring,0,107,4827.81,0,36-50,High,2.7,294,4383.33,0.34
P0548,Folk Painting,South China,Summer,0,104,1398.46,1,18-25,High,4.2,106,4326.07,0.45
P0549,Handicraft,North China,Autumn,0,83,1646.51,0,50+,Medium,4.0,339,2014.65,0.36
P0550,Folk Painting,North China,Winter,0,91,4609.61,1,36-50,Low,2.2,133,379.21,0.31
P0551,Sculpture,West China,Summer,0,96,4851.33,1,18-25,Low,3.8,165,623.04,0.43
P0552,Folk Painting,South China,Spring,1,127,1497.46,1,36-50,Medium,3.0,119,1452.64,0.74
P0553,Folk Painting,South China,Autumn,0,109,768.31,0,36-50,Medium,2.3,62,1177.85,0.19
P0554,Textile,North China,Spring,0,101,3819.37,0,26-35,Medium,2.7,183,4382.53,0.26
P0555,Textile,South China,Summer,0,91,4655.36,1,36-50,High,4.6,176,4933.16,0.47
P0556,Textile,North China,Summer,1,88,3043.5,0,18-25,High,2.4,85,4101.7,0.42
P0557,Sculpture,South China,Spring,0,100,3209.14,0,26-35,Low,2.1,323,3676.26,0.3
P0558,Textile,South China,Autumn,1,98,3838.42,0,50+,Low,2.4,223,2984.26,0.53
P0559,Handicraft,South China,Summer,1,108,850.12,0,50+,High,1.9,191,3872.55,0.52
P0560,Musical Instrument,North China,Winter,1,108,4870.0,1,50+,High,3.2,399,4740.46,0.85
P0561,Handicraft,West China,Summer,1,107,1885.21,0,50+,Medium,1.6,54,3046.59,0.42
P0562,Handicraft,South China,Autumn,1,99,3178.38,0,50+,High,4.3,433,857.6,0.76
P0563,Textile,North China,Summer,0,101,2396.22,0,18-25,Low,1.9,160,902.91,0.2
P0564,Musical Instrument,North China,Spring,0,103,2394.09,1,36-50,Low,3.4,126,2960.93,0.41
P0565,Musical Instrument,South China,Summer,0,82,3543.45,1,26-35,Medium,1.5,131,1734.0,0.24
P0566,Musical Instrument,South China,Summer,0,96,4973.85,0,36-50,Medium,4.9,491,4560.21,0.54
P0567,Sculpture,West China,Autumn,1,94,3329.39,0,36-50,Low,2.8,179,3097.05,0.52
P0568,Textile,North China,Spring,0,104,3990.89,0,18-25,High,4.3,175,3414.81,0.35
P0569,Musical Instrument,North China,Autumn,1,115,235.32,0,18-25,High,4.1,409,128.52,0.79
P0570,Sculpture,East China,Summer,0,99,4071.09,1,18-25,Low,3.9,339,2544.36,0.55
P0571,Folk Painting,North China,Winter,0,123,1569.88,0,26-35,High,4.3,440,2212.71,0.56
P0572,Folk Painting,West China,Summer,1,89,720.84,0,18-25,High,1.4,158,3558.77,0.41
P0573,Sculpture,East China,Autumn,0,97,655.34,0,36-50,Low,3.7,83,1974.93,0.24
P0574,Sculpture,East China,Winter,0,122,3431.39,1,26-35,Low,2.1,468,4885.22,0.59
P0575,Textile,East China,Autumn,0,124,4988.32,1,18-25,Medium,4.1,158,3384.0,0.53
P0576,Textile,South China,Autumn,0,104,3364.36,1,18-25,Low,4.8,34,3333.6,0.44
P0577,Folk Painting,South China,Spring,0,114,1385.51,0,18-25,Medium,4.6,389,4604.77,0.52
P0578,Musical Instrument,North China,Winter,0,104,1096.2,0,36-50,Medium,1.5,70,4976.5,0.13
P0579,Folk Painting,East China,Summer,0,100,2677.19,1,18-25,High,2.5,363,1069.32,0.48
P0580,Musical Instrument,West China,Autumn,1,113,418.69,0,36-50,Low,2.5,63,4071.61,0.5
P0581,Musical Instrument,South China,Summer,1,96,2056.72,1,26-35,High,1.5,232,895.37,0.62
P0582,Textile,West China,Spring,0,92,3364.55,0,18-25,Low,1.4,228,2339.51,0.18
P0583,Handicraft,West China,Spring,0,96,4841.55,0,50+,Low,2.5,482,590.91,0.4
P0584,Handicraft,South China,Winter,1,86,2185.7,0,50+,High,5.0,325,3154.52,0.7
P0585,Sculpture,South China,Spring,0,90,1081.1,1,36-50,Medium,3.3,179,2395.74,0.39
P0586,Textile,South China,Spring,0,103,4105.08,0,18-25,Low,3.5,198,3180.62,0.32
P0587,Musical Instrument,South China,Summer,0,88,3746.58,1,18-25,Medium,2.9,41,3422.01,0.29
P0588,Handicraft,East China,Spring,1,109,4312.55,1,50+,High,3.6,62,3135.22,0.68
P0589,Musical Instrument,East China,Spring,0,89,1152.12,1,26-35,High,4.8,437,1540.74,0.62
P0590,Handicraft,East China,Autumn,0,98,2083.68,0,26-35,Low,3.4,148,4201.1,0.27
P0591,Handicraft,East China,Spring,0,103,4909.62,0,36-50,High,1.3,383,2803.26,0.3
P0592,Handicraft,North China,Autumn,0,108,874.41,1,50+,Low,3.0,56,2500.27,0.36
P0593,Textile,East China,Spring,0,125,3390.11,0,36-50,Low,5.0,99,4936.61,0.41
P0594,Folk Painting,South China,Spring,0,102,1262.2,0,36-50,Low,2.5,325,1489.19,0.33
P0595,Musical Instrument,West China,Winter,1,95,2550.78,0,26-35,Low,3.4,45,2687.35,0.48
P0596,Textile,East China,Winter,1,91,4022.5,0,50+,Low,1.4,494,3443.39,0.61
P0597,Textile,North China,Autumn,0,104,2494.07,0,36-50,High,1.6,453,713.61,0.36
P0598,Textile,South China,Spring,0,104,4046.86,1,26-35,Low,4.5,426,1835.77,0.64
P0599,Textile,West China,Summer,0,95,2189.04,1,26-35,Medium,2.2,234,4028.27,0.38
P0600,Textile,West China,Winter,1,103,4996.83,0,18-25,Low,2.2,51,1260.12,0.44
P0601,Sculpture,East China,Summer,1,93,2235.56,1,50+,Low,2.5,237,2517.12,0.67
P0602,Musical Instrument,West China,Winter,0,89,831.96,0,50+,Low,4.9,278,3190.09,0.4
P0603,Textile,East China,Winter,0,90,2069.16,0,18-25,High,1.3,407,3388.7,0.27
P0604,Musical Instrument,East China,Spring,1,102,3738.71,1,36-50,Medium,4.3,195,3668.72,0.78
P0605,Sculpture,South China,Winter,0,95,4254.9,0,26-35,Medium,2.4,380,4343.29,0.33
P0606,Sculpture,South China,Summer,0,101,2354.51,1,26-35,Medium,4.4,366,2025.01,0.6
P0607,Musical Instrument,North China,Winter,0,106,3012.94,0,26-35,High,5.0,244,3562.5,0.43
P0608,Handicraft,South China,Autumn,0,111,4239.96,1,18-25,High,2.4,131,3687.66,0.38
P0609,Folk Painting,South China,Spring,0,80,4086.38,0,26-35,Low,1.5,433,1571.34,0.26
P0610,Handicraft,East China,Spring,1,90,3322.85,0,36-50,High,1.6,330,4843.97,0.52
P0611,Handicraft,South China,Autumn,0,107,4093.63,0,36-50,Medium,4.0,398,4339.57,0.47
P0612,Handicraft,East China,Autumn,0,94,2921.96,0,18-25,Medium,1.6,423,1520.32,0.31
P0613,Textile,East China,Autumn,0,103,122.78,0,36-50,High,2.0,126,3407.84,0.19
P0614,Sculpture,South China,Winter,0,92,302.21,1,50+,High,1.8,475,3617.22,0.48
P0615,Handicraft,North China,Spring,0,89,4901.06,0,50+,Medium,2.4,438,2214.27,0.35
P0616,Sculpture,North China,Autumn,0,93,810.46,1,26-35,Medium,1.3,366,4332.34,0.4
P0617,Musical Instrument,West China,Winter,1,94,2082.13,0,26-35,Medium,4.4,451,3482.12,0.76
P0618,Folk Painting,West China,Autumn,0,78,4675.68,0,50+,Medium,4.4,48,3324.96,0.2
P0619,Musical Instrument,South China,Summer,0,119,1055.69,1,36-50,Medium,2.7,405,1182.12,0.58
P0620,Musical Instrument,North China,Summer,0,98,4234.58,1,18-25,High,3.4,171,2098.43,0.42
P0621,Textile,East China,Spring,0,100,4109.51,0,26-35,High,3.6,118,2226.22,0.27
P0622,Folk Painting,West China,Winter,1,93,4933.02,1,26-35,Low,4.0,23,3694.94,0.64
P0623,Musical Instrument,East China,Summer,0,111,1480.24,0,50+,Low,3.1,175,3130.13,0.3
P0624,Musical Instrument,West China,Summer,1,104,1645.09,0,50+,Low,3.0,409,520.72,0.69
P0625,Folk Painting,South China,Winter,0,94,4524.1,0,18-25,High,3.5,371,1607.72,0.39
P0626,Folk Painting,North China,Autumn,1,111,1246.99,1,26-35,Low,3.8,454,2417.93,0.92
P0627,Musical Instrument,West China,Winter,0,99,2784.71,1,36-50,Low,2.4,452,3709.99,0.52
P0628,Folk Painting,North China,Autumn,0,105,3565.99,0,36-50,High,2.3,340,3743.49,0.33
P0629,Musical Instrument,East China,Summer,0,100,1432.23,1,50+,Medium,2.1,490,2503.66,0.53
P0630,Musical Instrument,South China,Summer,0,95,4698.22,1,18-25,High,3.2,344,672.97,0.5
P0631,Textile,North China,Summer,1,91,3361.92,0,50+,High,2.4,121,1535.23,0.45
P0632,Handicraft,South China,Spring,1,127,330.98,1,18-25,Medium,3.2,243,1347.99,0.82
P0633,Musical Instrument,North China,Spring,0,95,765.11,0,36-50,Low,2.6,211,3927.03,0.25
P0634,Sculpture,East China,Spring,0,102,1034.83,0,18-25,High,4.3,332,981.93,0.43
P0635,Handicraft,East China,Winter,0,115,1300.29,1,36-50,High,1.3,148,2378.11,0.34
P0636,Handicraft,South China,Summer,1,96,3680.32,0,18-25,Medium,3.3,276,3386.52,0.61
P0637,Handicraft,East China,Summer,0,97,535.78,0,50+,High,3.3,281,4827.45,0.33
P0638,Textile,West China,Winter,0,110,1817.91,0,36-50,Low,2.5,175,4996.28,0.27
P0639,Musical Instrument,North China,Spring,0,95,4565.78,1,26-35,Medium,2.7,423,4769.32,0.51
P0640,Textile,East China,Winter,1,103,2827.67,0,26-35,High,4.2,178,3619.39,0.62
P0641,Musical Instrument,West China,Spring,0,95,1400.93,0,36-50,Low,2.1,266,3757.56,0.25
P0642,Textile,South China,Summer,1,114,4789.58,1,26-35,Low,4.5,133,3820.13,0.79
P0643,Textile,West China,Autumn,1,108,1297.15,0,36-50,High,4.6,47,4326.76,0.59
P0644,Sculpture,South China,Spring,0,105,4534.99,1,50+,Low,3.6,379,4763.75,0.57
P0645,Textile,South China,Summer,0,113,3656.27,0,50+,Medium,4.1,258,2283.96,0.41
P0646,Folk Painting,North China,Summer,1,76,3728.55,0,18-25,Low,3.5,246,2140.9,0.54
P0647,Sculpture,North China,Autumn,0,108,3848.2,0,26-35,Medium,3.1,107,2356.28,0.26
P0648,Textile,West China,Summer,1,88,2582.19,0,26-35,Medium,4.9,69,3333.1,0.56
P0649,Handicraft,North China,Summer,0,115,4091.44,1,26-35,Medium,2.1,28,3899.68,0.32
P0650,Folk Painting,North China,Spring,0,91,4197.35,0,36-50,High,1.6,133,4365.67,0.13
P0651,Folk Painting,North China,Spring,1,103,1866.38,1,50+,Low,2.1,235,2335.43,0.68
P0652,Folk Painting,West China,Autumn,0,103,2061.69,0,26-35,High,3.5,452,1880.53,0.46
P0653,Sculpture,East China,Autumn,0,116,4454.91,1,18-25,High,1.7,109,4918.43,0.34
P0654,Textile,North China,Summer,1,91,2671.17,1,26-35,Medium,4.6,333,1236.25,0.84
P0655,Textile,North China,Spring,0,92,4348.02,0,18-25,High,2.6,403,1187.82,0.35
P0656,Handicraft,West China,Autumn,0,111,3171.17,0,26-35,Low,4.4,26,3605.5,0.29
P0657,Handicraft,East China,Autumn,0,97,3008.48,1,26-35,High,2.0,257,980.32,0.39
P0658,Folk Painting,North China,Winter,1,86,251.81,1,50+,High,2.3,89,2057.1,0.56
P0659,Handicraft,South China,Autumn,1,107,1461.68,0,18-25,Medium,1.2,94,1532.7,0.42
P0660,Sculpture,West China,Summer,0,93,2560.08,0,26-35,Medium,2.0,357,926.68,0.29
P0661,Textile,North China,Spring,1,99,2977.85,0,18-25,High,3.0,465,2940.57,0.71
P0662,Folk Painting,North China,Autumn,1,107,3189.13,1,18-25,Medium,4.8,38,1930.21,0.73
P0663,Handicraft,South China,Winter,0,79,3609.49,1,50+,High,2.6,143,2364.95,0.3
P0664,Sculpture,South China,Spring,0,111,3315.54,1,50+,Low,3.6,487,1059.73,0.65
P0665,Sculpture,West China,Autumn,0,105,4258.03,0,18-25,Low,2.7,203,3862.55,0.28
P0666,Handicraft,West China,Winter,0,104,1547.8,0,50+,Medium,1.2,128,1642.09,0.15
P0667,Textile,South China,Autumn,1,112,3243.69,0,26-35,Low,3.0,387,1779.32,0.7
P0668,Handicraft,West China,Spring,1,105,350.68,0,26-35,Low,1.3,376,1335.55,0.58
P0669,Folk Painting,South China,Spring,0,106,2452.93,0,50+,High,4.5,200,2228.58,0.38
P0670,Handicraft,North China,Spring,0,88,1413.36,0,18-25,Medium,4.0,424,2371.53,0.42
P0671,Sculpture,South China,Summer,0,81,1966.35,1,26-35,Low,2.5,162,2695.37,0.31
P0672,Handicraft,South China,Autumn,0,93,1837.85,0,36-50,Medium,3.6,352,4841.08,0.38
P0673,Textile,East China,Summer,0,118,396.11,0,18-25,Medium,1.4,414,4532.99,0.37
P0674,Musical Instrument,South China,Spring,0,100,2386.56,1,18-25,Medium,3.8,281,3086.02,0.51
P0675,Handicraft,South China,Winter,0,88,4973.68,1,36-50,Low,4.3,141,290.63,0.42
P0676,Textile,East China,Autumn,0,112,1564.79,0,36-50,Medium,4.3,372,3100.08,0.49
P0677,Textile,West China,Summer,1,107,3707.12,1,18-25,Medium,2.1,439,539.38,0.81
P0678,Sculpture,East China,Autumn,0,100,2784.16,0,36-50,High,2.1,17,3580.69,0.13
P0679,Textile,North China,Winter,0,98,1693.6,0,50+,High,3.1,143,2011.38,0.25
P0680,Textile,East China,Summer,0,103,539.07,1,50+,High,4.9,390,4204.71,0.64
P0681,Textile,North China,Spring,0,97,1157.7,1,18-25,High,4.7,393,4718.39,0.61
P0682,Textile,West China,Summer,0,95,3931.08,1,50+,Medium,2.4,318,2143.84,0.44
P0683,Folk Painting,East China,Autumn,0,96,1467.2,1,26-35,High,4.1,384,2356.72,0.57
P0684,Folk Painting,East China,Autumn,1,90,807.08,0,50+,High,4.7,201,2991.72,0.63
P0685,Sculpture,West China,Autumn,0,120,1723.36,0,50+,Low,2.0,100,1065.95,0.23
P0686,Handicraft,North China,Autumn,1,102,2961.81,0,36-50,High,4.3,444,4643.93,0.78
P0687,Textile,East China,Spring,1,87,3546.97,0,50+,High,2.1,258,2221.7,0.5
P0688,Handicraft,North China,Summer,1,102,1998.09,0,18-25,Low,2.4,493,917.42,0.7
P0689,Handicraft,East China,Spring,0,98,2540.92,0,50+,Medium,1.8,261,3837.39,0.24
P0690,Sculpture,South China,Spring,1,93,2329.09,1,50+,Medium,3.0,493,1173.84,0.84
P0691,Textile,East China,Spring,0,114,144.12,1,18-25,Low,4.4,72,803.29,0.47
P0692,Textile,West China,Autumn,0,113,2038.44,1,18-25,Low,3.1,225,2858.07,0.48
P0693,Musical Instrument,West China,Autumn,1,94,2977.87,0,36-50,Medium,1.5,143,3390.33,0.43
P0694,Handicraft,North China,Autumn,0,95,2892.73,1,26-35,High,2.0,455,2890.86,0.49
P0695,Handicraft,East China,Summer,0,103,3773.86,1,50+,Low,3.3,116,3316.9,0.4
P0696,Folk Painting,North China,Winter,0,103,3384.84,1,26-35,Low,3.3,170,666.07,0.43
P0697,Musical Instrument,North China,Autumn,0,104,1456.35,0,36-50,Low,3.3,267,2432.49,0.35
P0698,Folk Painting,South China,Summer,0,107,1352.65,0,18-25,Medium,1.3,434,1849.39,0.34
P0699,Folk Painting,South China,Autumn,0,98,2374.29,1,18-25,Medium,4.0,25,4869.51,0.37
P0700,Folk Painting,West China,Autumn,1,111,3691.55,1,18-25,Medium,4.6,367,343.16,0.92
P0701,Sculpture,North China,Spring,1,112,559.75,0,36-50,Medium,3.0,384,1561.64,0.7
P0702,Sculpture,West China,Spring,1,100,4746.8,0,50+,Medium,3.9,68,4715.12,0.54
P0703,Folk Painting,East China,Spring,0,112,2761.45,1,36-50,High,4.7,18,4919.13,0.45
P0704,Musical Instrument,North China,Summer,0,109,1601.4,0,18-25,High,3.6,206,4142.02,0.34
P0705,Handicraft,North China,Winter,1,111,3497.62,1,50+,Medium,3.7,126,472.39,0.73
P0706,Musical Instrument,East China,Winter,1,84,319.16,0,18-25,Medium,3.9,19,2850.64,0.46
P0707,Textile,East China,Summer,0,102,2473.54,0,18-25,Medium,2.0,359,2060.6,0.32
P0708,Sculpture,West China,Autumn,0,94,2481.25,0,36-50,Low,3.3,16,4051.62,0.17
P0709,Handicraft,West China,Summer,0,108,893.68,0,36-50,Low,4.4,358,369.62,0.47
P0710,Handicraft,East China,Autumn,0,98,4203.2,0,26-35,Medium,2.2,203,1065.93,0.23
P0711,Textile,West China,Summer,0,83,4004.38,0,18-25,Medium,4.6,413,2497.06,0.44
P0712,Textile,East China,Summer,1,103,848.39,0,50+,Low,3.5,132,872.47,0.56
P0713,Folk Painting,North China,Summer,0,96,1882.75,0,18-25,Low,2.7,72,3494.3,0.18
P0714,Sculpture,North China,Winter,0,95,592.1,0,50+,Low,3.5,13,4121.76,0.19
P0715,Sculpture,South China,Spring,0,104,4258.18,0,26-35,Low,2.6,293,3552.15,0.32
P0716,Musical Instrument,North China,Summer,0,98,1684.27,1,18-25,Low,4.4,337,2257.39,0.57
P0717,Folk Painting,East China,Winter,0,115,2252.65,0,50+,Medium,2.9,259,4404.1,0.35
P0718,Folk Painting,West China,Spring,0,86,1686.97,0,50+,Medium,4.6,428,774.66,0.45
P0719,Folk Painting,South China,Spring,0,101,1619.13,0,26-35,Low,3.0,139,1375.66,0.25
P0720,Folk Painting,West China,Summer,1,98,3761.78,1,36-50,Medium,3.6,434,2498.74,0.86
P0721,Sculpture,East China,Autumn,0,97,3763.07,0,26-35,Low,5.0,421,400.56,0.51
P0722,Sculpture,North China,Autumn,0,93,2637.16,0,50+,Low,1.6,84,568.86,0.11
P0723,Folk Painting,South China,Autumn,0,101,3322.32,0,26-35,Low,3.9,493,2047.47,0.5
P0724,Musical Instrument,East China,Summer,1,104,2607.15,1,36-50,Medium,1.6,338,4725.04,0.71
P0725,Handicraft,South China,Autumn,0,91,240.09,1,18-25,Medium,4.4,367,4551.23,0.56
P0726,Handicraft,South China,Winter,1,102,423.43,0,26-35,Medium,3.4,394,2383.28,0.7
P0727,Musical Instrument,North China,Winter,0,102,1980.33,0,26-35,Medium,4.8,263,796.58,0.42
P0728,Folk Painting,East China,Winter,1,97,3773.76,0,18-25,High,4.5,420,972.73,0.76
P0729,Sculpture,West China,Winter,1,119,4574.81,0,26-35,Low,1.3,332,1949.98,0.6
P0730,Handicraft,South China,Spring,0,93,245.57,1,36-50,Low,1.5,176,1129.36,0.3
P0731,Textile,South China,Winter,0,112,1903.35,0,50+,Medium,3.4,210,506.58,0.34
P0732,Textile,West China,Autumn,0,111,1196.53,0,26-35,Medium,3.1,177,3401.51,0.31
P0733,Musical Instrument,East China,Summer,1,111,4094.51,0,18-25,High,1.7,293,2949.1,0.57
P0734,Folk Painting,South China,Autumn,0,91,4245.24,1,18-25,Low,1.5,478,1527.35,0.46
P0735,Handicraft,South China,Winter,0,102,1111.4,1,26-35,Low,3.3,357,3916.85,0.53
P0736,Folk Painting,South China,Spring,1,98,3583.05,1,18-25,Medium,1.2,417,3902.15,0.72
P0737,Handicraft,East China,Winter,1,82,3685.6,0,50+,Medium,4.5,347,2505.91,0.67
P0738,Musical Instrument,East China,Summer,0,114,967.58,0,50+,High,4.2,60,573.01,0.31
P0739,Musical Instrument,West China,Autumn,0,92,2225.11,0,18-25,Low,4.1,65,4600.5,0.24
P0740,Textile,East China,Summer,0,121,3139.66,0,26-35,High,1.1,82,3376.44,0.17
P0741,Folk Painting,East China,Summer,0,110,227.73,0,26-35,Low,1.2,291,1310.55,0.26
P0742,Textile,North China,Summer,0,100,2082.5,0,18-25,Medium,3.2,97,3091.23,0.23
P0743,Folk Painting,West China,Autumn,0,99,859.3,0,50+,High,5.0,61,2084.61,0.31
P0744,Textile,South China,Winter,0,100,2755.29,1,50+,Medium,2.4,134,3213.21,0.35
P0745,Sculpture,East China,Summer,1,96,4230.3,1,26-35,Low,2.4,271,2421.97,0.7
P0746,Sculpture,South China,Autumn,0,122,2671.29,0,50+,Low,1.5,452,2478.81,0.4
P0747,Sculpture,South China,Spring,0,100,276.32,0,36-50,High,3.7,382,3705.82,0.42
P0748,Sculpture,North China,Autumn,0,96,245.32,0,50+,Medium,3.6,277,3107.26,0.34
P0749,Handicraft,East China,Spring,0,89,3066.97,0,26-35,Low,1.4,72,491.77,0.08
P0750,Sculpture,West China,Autumn,0,110,1707.11,0,50+,Low,2.9,45,420.33,0.22
P0751,Musical Instrument,East China,Winter,0,119,2906.07,0,50+,High,3.7,18,1594.55,0.27
P0752,Musical Instrument,South China,Summer,1,106,901.82,1,18-25,High,3.0,339,2208.21,0.8
P0753,Handicraft,West China,Winter,0,110,3906.63,0,36-50,Medium,3.7,332,1448.59,0.42
P0754,Sculpture,East China,Autumn,0,96,4317.53,0,18-25,High,4.3,250,3292.15,0.37
P0755,Sculpture,South China,Summer,1,92,4457.21,1,50+,Low,3.7,294,1056.03,0.77
P0756,Sculpture,South China,Spring,0,127,1589.97,0,50+,Medium,3.5,336,3550.29,0.47
P0757,Textile,North China,Autumn,1,84,3337.6,0,18-25,Medium,4.4,99,3888.44,0.53
P0758,Folk Painting,North China,Summer,0,109,1467.31,0,36-50,Medium,4.6,273,709.16,0.44
P0759,Textile,North China,Spring,1,91,3837.51,1,26-35,Low,2.6,308,3288.95,0.71
P0760,Folk Painting,South China,Spring,0,104,690.57,0,18-25,High,1.7,214,4811.04,0.23
P0761,Sculpture,East China,Winter,1,107,3837.55,0,50+,Medium,4.3,300,1044.84,0.71
P0762,Sculpture,North China,Autumn,1,99,2254.67,1,50+,Low,1.9,220,4555.58,0.65
P0763,Textile,East China,Spring,0,82,4292.19,0,26-35,High,4.7,375,3069.63,0.42
P0764,Textile,North China,Summer,0,94,3720.76,1,50+,Medium,1.1,287,2995.63,0.34
P0765,Folk Painting,West China,Spring,1,75,1944.95,1,50+,High,4.7,473,354.42,0.87
P0766,Musical Instrument,West China,Spring,0,113,4527.34,0,26-35,High,3.4,216,3766.67,0.35
P0767,Folk Painting,North China,Winter,0,106,1488.35,1,50+,High,4.1,331,2443.54,0.57
P0768,Textile,South China,Winter,0,99,4838.24,1,50+,Low,2.6,367,3633.75,0.49
P0769,Textile,North China,Summer,1,101,3859.3,1,36-50,Medium,5.0,414,4064.99,0.94
P0770,Handicraft,North China,Winter,0,95,4954.31,0,18-25,Medium,1.9,103,2666.6,0.15
P0771,Textile,South China,Spring,0,94,364.13,1,36-50,Medium,2.1,208,1391.86,0.36
P0772,Handicraft,West China,Spring,0,95,1442.78,0,36-50,Low,1.2,360,793.71,0.25
P0773,Musical Instrument,East China,Winter,1,83,3732.19,1,50+,High,4.8,178,886.47,0.74
P0774,Folk Painting,North China,Spring,1,86,4619.02,0,18-25,Low,2.8,306,4347.98,0.57
P0775,Folk Painting,South China,Spring,1,103,240.98,0,18-25,Medium,3.7,442,705.53,0.75
P0776,Handicraft,North China,Summer,0,114,100.05,0,50+,High,3.7,236,1985.0,0.38
P0777,Folk Painting,South China,Winter,1,101,1355.59,0,36-50,Low,4.5,13,1737.95,0.54
P0778,Textile,East China,Spring,0,96,4278.62,0,36-50,Low,3.7,107,4340.73,0.25
P0779,Sculpture,East China,Winter,0,116,3859.05,0,36-50,Low,3.2,202,2440.7,0.34
P0780,Handicraft,West China,Summer,0,122,1767.36,0,18-25,Low,3.8,275,4982.59,0.43
P0781,Folk Painting,South China,Winter,0,94,109.86,0,50+,High,4.0,359,3711.57,0.41
P0782,Handicraft,South China,Spring,1,100,2818.06,0,18-25,Low,1.7,233,4269.53,0.51
P0783,Handicraft,West China,Winter,0,96,1265.98,0,36-50,High,1.4,76,583.49,0.11
P0784,Sculpture,West China,Spring,0,100,3753.48,1,18-25,Low,1.3,147,1340.2,0.29
P0785,Textile,South China,Spring,1,95,2287.11,1,18-25,Medium,2.5,338,763.69,0.74
P0786,Handicraft,West China,Spring,1,101,3425.15,0,50+,Low,3.0,410,2371.75,0.68
P0787,Folk Painting,East China,Summer,0,126,4276.31,0,50+,Low,3.5,248,3619.61,0.41
P0788,Musical Instrument,North China,Winter,0,99,2725.22,1,18-25,Medium,4.8,460,928.41,0.66
P0789,Handicraft,East China,Summer,1,108,1746.18,0,26-35,High,2.3,484,737.83,0.71
P0790,Handicraft,West China,Winter,0,88,3870.76,0,50+,Low,4.0,318,3111.58,0.36
P0791,Sculpture,South China,Summer,0,87,1399.42,0,26-35,Low,3.1,428,1228.53,0.37
P0792,Textile,South China,Autumn,0,79,4468.44,1,50+,Medium,1.9,13,2448.69,0.19
P0793,Musical Instrument,East China,Spring,0,114,450.0,0,36-50,High,3.5,333,350.48,0.43
P0794,Folk Painting,South China,Spring,1,120,4193.8,1,26-35,Medium,4.9,378,3435.0,0.97
P0795,Musical Instrument,West China,Summer,0,84,548.62,0,36-50,Low,1.5,361,2752.45,0.24
P0796,Folk Painting,East China,Autumn,0,112,375.07,1,36-50,High,3.0,111,3272.37,0.41
P0797,Textile,South China,Spring,0,110,1879.96,0,18-25,Low,1.2,404,1449.49,0.32
P0798,Folk Painting,North China,Winter,0,94,4787.09,0,36-50,Medium,2.3,53,1465.15,0.14
P0799,Sculpture,North China,Summer,0,106,4919.08,0,36-50,Low,3.5,128,4026.67,0.29
P0800,Sculpture,West China,Spring,0,110,1090.15,1,36-50,Medium,4.4,197,3620.96,0.53
P0801,Sculpture,South China,Spring,0,109,828.32,0,36-50,Medium,3.9,240,2940.67,0.38
P0802,Sculpture,West China,Summer,0,102,1829.47,0,18-25,High,2.9,463,3177.9,0.43
P0803,Musical Instrument,East China,Summer,0,93,1751.73,1,18-25,Medium,4.6,199,560.82,0.49
P0804,Textile,North China,Winter,0,98,3822.01,0,36-50,High,2.2,492,4295.24,0.39
P0805,Folk Painting,East China,Winter,0,93,2275.6,0,26-35,High,4.0,119,3872.54,0.27
P0806,Folk Painting,South China,Spring,0,88,3921.43,0,50+,High,2.9,425,2993.41,0.36
P0807,Sculpture,West China,Spring,1,106,3768.69,0,26-35,High,4.6,311,4601.12,0.73
P0808,Sculpture,West China,Summer,0,111,2933.72,0,36-50,High,4.2,288,926.33,0.43
P0809,Handicraft,West China,Spring,0,111,4184.21,1,18-25,Medium,4.6,115,3464.62,0.5
P0810,Textile,East China,Spring,0,114,1058.67,0,36-50,Medium,1.9,174,4818.61,0.25
P0811,Musical Instrument,North China,Summer,1,101,892.87,1,36-50,High,3.7,135,1619.04,0.71
P0812,Folk Painting,East China,Spring,0,93,3778.19,0,18-25,Medium,4.0,355,174.93,0.4
P0813,Handicraft,East China,Spring,1,96,1299.51,0,26-35,High,4.0,107,3700.85,0.55
P0814,Handicraft,South China,Autumn,0,98,113.69,0,50+,Medium,3.0,495,134.2,0.44
P0815,Folk Painting,South China,Winter,1,89,4568.6,1,36-50,High,1.0,340,4375.41,0.63
P0816,Musical Instrument,South China,Summer,1,110,3152.39,0,18-25,Low,2.0,379,375.88,0.64
P0817,Handicraft,North China,Autumn,0,101,2280.19,1,50+,Low,2.3,451,3298.55,0.52
P0818,Handicraft,North China,Winter,0,116,3656.11,1,50+,High,4.4,129,1948.2,0.51
P0819,Textile,South China,Winter,0,76,1733.33,0,50+,Medium,4.4,350,1096.37,0.37
P0820,Musical Instrument,South China,Winter,0,82,4772.96,0,18-25,High,1.4,308,4501.47,0.19
P0821,Handicraft,North China,Autumn,0,114,436.24,0,36-50,Medium,4.8,353,3756.6,0.51
P0822,Musical Instrument,West China,Autumn,0,97,3240.65,1,18-25,High,1.7,152,1768.16,0.31
P0823,Folk Painting,North China,Winter,0,86,3908.72,0,36-50,High,2.7,204,1492.35,0.22
P0824,Sculpture,North China,Spring,0,96,2398.72,1,26-35,Medium,1.9,139,3706.46,0.31
P0825,Handicraft,North China,Spring,0,114,3799.34,0,50+,Medium,4.4,464,4199.2,0.55
P0826,Textile,South China,Autumn,0,108,4641.86,1,36-50,High,4.0,398,3607.67,0.61
P0827,Folk Painting,West China,Autumn,0,110,3745.57,0,26-35,Low,2.4,446,3235.95,0.41
P0828,Musical Instrument,North China,Autumn,1,108,1615.9,0,18-25,Low,3.7,438,1216.83,0.76
P0829,Folk Painting,South China,Winter,0,98,2853.05,1,50+,Low,1.7,113,4278.74,0.29
P0830,Handicraft,East China,Spring,1,89,4566.86,1,36-50,Low,2.5,102,3773.34,0.58
P0831,Musical Instrument,East China,Autumn,0,76,2300.58,0,50+,Low,2.5,306,2634.64,0.24
P0832,Sculpture,North China,Autumn,0,86,3440.32,1,50+,Medium,2.0,456,2606.78,0.46
P0833,Folk Painting,East China,Summer,0,102,2381.02,1,50+,Low,4.5,489,2888.95,0.67
P0834,Handicraft,West China,Winter,0,95,694.59,0,18-25,Medium,3.7,231,4158.55,0.32
P0835,Textile,East China,Summer,1,103,387.13,0,50+,Low,2.1,209,3737.07,0.52
P0836,Musical Instrument,East China,Spring,0,92,4766.14,0,36-50,Medium,2.0,297,4295.6,0.25
P0837,Folk Painting,West China,Summer,0,102,3101.45,1,18-25,Low,1.1,371,2585.69,0.42
P0838,Folk Painting,North China,Summer,1,93,608.69,0,26-35,Low,2.4,267,3160.78,0.54
P0839,Sculpture,North China,Summer,0,87,4301.45,0,36-50,Medium,3.1,19,4287.4,0.14
P0840,Sculpture,West China,Winter,1,108,2661.2,0,18-25,Medium,2.1,180,1238.37,0.52
P0841,Textile,West China,Spring,1,108,3882.47,0,36-50,High,3.8,384,2275.7,0.73
P0842,Textile,West China,Summer,0,80,721.11,0,36-50,Low,2.6,436,3141.2,0.33
P0843,Handicraft,East China,Winter,0,111,4543.86,0,26-35,Low,2.3,110,4584.22,0.22
P0844,Handicraft,West China,Spring,0,93,2993.62,0,18-25,Medium,4.8,119,177.6,0.31
P0845,Textile,South China,Autumn,0,100,3717.48,1,50+,Medium,2.1,256,1141.61,0.4
P0846,Textile,East China,Summer,0,106,253.76,1,36-50,Low,2.6,332,1248.81,0.49
P0847,Musical Instrument,North China,Spring,1,110,1644.99,0,36-50,Low,2.5,253,1700.4,0.59
P0848,Sculpture,North China,Summer,1,118,1410.48,0,36-50,Medium,2.0,32,1480.75,0.46
P0849,Handicraft,North China,Autumn,0,108,4753.02,1,36-50,Medium,1.9,363,2991.68,0.47
P0850,Sculpture,East China,Spring,0,74,1008.16,0,36-50,Low,2.2,475,4439.54,0.31
P0851,Sculpture,South China,Winter,0,115,3564.55,1,18-25,Medium,4.5,234,3221.19,0.57
P0852,Textile,West China,Spring,0,114,309.49,1,36-50,Medium,4.1,362,1283.48,0.62
P0853,Musical Instrument,West China,Winter,1,108,1068.65,1,36-50,Low,3.7,453,4332.39,0.91
P0854,Folk Painting,North China,Spring,0,119,1759.13,0,36-50,High,2.8,474,3197.02,0.48
P0855,Musical Instrument,North China,Winter,0,95,3993.08,1,50+,Medium,3.0,271,1172.91,0.44
P0856,Musical Instrument,East China,Autumn,0,121,3970.89,1,50+,High,2.1,278,1872.17,0.48
P0857,Sculpture,South China,Autumn,1,82,4767.75,1,18-25,Medium,1.3,30,3970.83,0.45
P0858,Musical Instrument,West China,Autumn,0,113,4592.16,0,36-50,High,2.3,488,3720.76,0.44
P0859,Handicraft,East China,Spring,1,98,499.42,1,36-50,Medium,3.0,323,2925.25,0.76
P0860,Sculpture,West China,Autumn,0,106,4166.35,0,26-35,High,1.2,129,809.36,0.16
P0861,Handicraft,North China,Summer,1,124,2310.75,0,50+,High,1.4,478,4036.12,0.7
P0862,Folk Painting,West China,Autumn,0,88,4342.84,0,26-35,Medium,2.1,490,1606.96,0.35
P0863,Sculpture,South China,Winter,0,113,537.5,1,36-50,High,2.5,421,3880.83,0.56
P0864,Folk Painting,South China,Winter,1,75,4131.57,1,36-50,Low,2.6,129,3273.08,0.56
P0865,Sculpture,North China,Winter,0,97,882.25,1,26-35,Low,1.5,207,1394.43,0.33
P0866,Textile,South China,Spring,0,106,1735.82,0,18-25,Low,1.9,145,1140.61,0.2
P0867,Musical Instrument,South China,Summer,0,84,241.36,0,18-25,High,2.0,86,741.46,0.11
P0868,Textile,East China,Autumn,1,107,706.27,1,26-35,Medium,1.3,363,1285.54,0.72
P0869,Folk Painting,West China,Summer,1,91,2284.06,0,36-50,High,2.3,67,873.36,0.42
P0870,Musical Instrument,North China,Summer,0,112,4109.86,1,26-35,Medium,1.3,433,3123.55,0.49
P0871,Sculpture,North China,Winter,0,107,3890.98,0,50+,High,3.8,95,3034.04,0.29
P0872,Musical Instrument,North China,Winter,1,98,1252.96,1,18-25,Medium,2.5,10,2972.24,0.56
P0873,Handicraft,North China,Winter,0,81,843.28,1,26-35,High,2.3,86,3245.26,0.26
P0874,Musical Instrument,North China,Spring,1,94,2007.39,0,18-25,High,1.5,458,4092.44,0.6
P0875,Handicraft,South China,Summer,0,105,4428.01,0,50+,Low,1.9,19,4576.41,0.13
P0876,Musical Instrument,East China,Summer,1,102,547.98,0,36-50,High,1.9,453,1228.84,0.65
P0877,Handicraft,North China,Spring,1,89,2760.28,1,36-50,Low,4.9,78,2980.1,0.71
P0878,Folk Painting,East China,Spring,1,94,535.16,1,36-50,Medium,4.3,157,483.85,0.73
P0879,Textile,East China,Spring,0,98,2404.04,1,18-25,Medium,1.1,71,688.7,0.23
P0880,Sculpture,South China,Summer,0,110,721.28,0,50+,Low,3.5,22,3306.26,0.24
P0881,Musical Instrument,North China,Summer,0,95,493.65,1,26-35,High,2.0,195,2484.24,0.35
P0882,Textile,South China,Winter,0,102,1035.16,1,36-50,Medium,1.4,174,3815.83,0.32
P0883,Sculpture,North China,Winter,0,98,1350.75,0,18-25,High,3.8,19,2185.82,0.22
P0884,Sculpture,South China,Summer,0,116,1453.7,1,36-50,High,1.5,268,725.23,0.42
P0885,Handicraft,East China,Winter,1,110,3261.81,0,50+,High,2.8,171,4373.06,0.56
P0886,Folk Painting,North China,Spring,0,92,369.41,0,26-35,Medium,3.5,299,506.15,0.34
P0887,Folk Painting,West China,Autumn,0,113,495.96,0,36-50,Medium,3.2,423,1025.93,0.46
P0888,Textile,East China,Winter,0,109,1024.66,0,50+,High,4.9,430,1457.19,0.54
P0889,Folk Painting,West China,Summer,0,107,4373.11,1,18-25,Low,4.1,205,4976.87,0.51
P0890,Musical Instrument,East China,Winter,0,104,3180.16,0,50+,Low,4.1,43,2142.61,0.26
P0891,Folk Painting,South China,Winter,0,93,3678.81,1,18-25,Low,2.4,169,2558.37,0.35
P0892,Textile,North China,Winter,1,103,1914.77,0,36-50,High,1.0,94,3871.51,0.4
P0893,Folk Painting,East China,Autumn,0,98,1144.78,0,36-50,Low,3.9,67,3218.44,0.25
P0894,Musical Instrument,South China,Spring,0,96,286.01,1,50+,Medium,5.0,370,4222.96,0.62
P0895,Handicraft,North China,Summer,0,96,2493.82,1,18-25,Low,2.6,417,2483.52,0.51
P0896,Textile,North China,Autumn,1,109,2913.98,0,50+,Low,4.9,274,4863.67,0.74
P0897,Handicraft,East China,Summer,0,102,4495.31,1,50+,High,1.6,306,4004.38,0.41
P0898,Handicraft,North China,Summer,1,93,4422.26,1,36-50,Medium,2.2,417,2066.69,0.76
P0899,Handicraft,East China,Summer,0,111,2180.96,0,36-50,Medium,1.7,34,1968.23,0.15
P0900,Sculpture,North China,Autumn,1,99,2175.53,0,36-50,Low,2.9,45,4654.51,0.46
P0901,Sculpture,West China,Spring,0,109,889.5,0,50+,High,4.2,273,3453.64,0.42
P0902,Handicraft,South China,Summer,0,106,1361.5,1,50+,High,2.4,391,3145.02,0.51
P0903,Textile,West China,Spring,0,99,4635.75,0,26-35,Low,4.6,123,3813.37,0.32
P0904,Musical Instrument,East China,Spring,0,99,791.08,0,26-35,Medium,3.2,114,2848.09,0.24
P0905,Musical Instrument,West China,Winter,0,92,4846.63,0,50+,Medium,2.9,102,879.92,0.19
P0906,Folk Painting,East China,Autumn,1,114,2573.22,0,26-35,Medium,4.1,98,1664.16,0.61
P0907,Textile,North China,Autumn,0,87,2337.37,1,50+,High,1.4,452,2833.93,0.43
P0908,Sculpture,North China,Winter,1,106,955.73,1,36-50,Low,4.1,172,189.02,0.77
P0909,Handicraft,East China,Winter,1,99,3341.55,0,18-25,High,2.0,47,2243.02,0.41
P0910,Folk Painting,West China,Spring,0,125,2353.24,0,36-50,Medium,2.1,101,3803.43,0.25
P0911,Musical Instrument,North China,Summer,1,104,1916.25,0,50+,High,3.4,128,904.75,0.55
P0912,Sculpture,South China,Autumn,0,95,1396.13,1,36-50,Medium,4.6,220,416.34,0.51
P0913,Sculpture,North China,Summer,0,92,425.79,1,50+,Low,3.3,169,4196.54,0.39
P0914,Handicraft,South China,Summer,1,99,2644.71,0,50+,Medium,3.6,110,3124.64,0.54
P0915,Musical Instrument,West China,Winter,0,110,1633.25,0,26-35,Low,4.1,378,965.24,0.47
P0916,Textile,South China,Summer,0,105,3568.54,0,50+,High,2.0,188,4050.89,0.23
P0917,Sculpture,South China,Spring,0,84,3645.26,1,18-25,High,4.3,293,3324.83,0.5
P0918,Handicraft,South China,Winter,0,107,1727.32,0,26-35,High,2.7,449,1737.18,0.42
P0919,Textile,South China,Summer,1,85,3378.69,0,18-25,Medium,1.7,364,1943.36,0.53
P0920,Musical Instrument,North China,Winter,0,112,1367.51,0,50+,Low,2.4,401,863.85,0.4
P0921,Sculpture,South China,Spring,0,114,3663.15,0,36-50,High,2.0,306,4192.75,0.33
P0922,Textile,North China,Spring,0,87,178.78,1,50+,High,1.9,383,2594.13,0.42
P0923,Textile,South China,Summer,0,77,842.88,0,50+,Low,2.1,32,2829.39,0.06
P0924,Textile,East China,Winter,0,92,1300.54,0,36-50,Medium,1.7,447,4429.11,0.32
P0925,Sculpture,West China,Summer,0,106,3887.38,1,36-50,High,3.7,497,177.57,0.65
P0926,Sculpture,South China,Summer,0,89,425.24,0,18-25,Medium,3.3,288,427.92,0.31
P0927,Folk Painting,East China,Winter,0,107,1021.48,0,26-35,Medium,3.6,41,891.74,0.24
P0928,Musical Instrument,South China,Summer,1,95,1857.26,0,26-35,Medium,2.4,147,247.19,0.48
P0929,Handicraft,South China,Spring,0,103,144.96,1,26-35,High,4.1,90,3324.97,0.43
P0930,Textile,South China,Winter,1,107,3834.39,0,18-25,High,1.5,428,3206.01,0.63
P0931,Folk Painting,East China,Winter,1,106,2844.52,1,18-25,Low,3.3,364,1132.93,0.83
P0932,Handicraft,West China,Winter,1,96,4513.33,0,36-50,Low,2.1,328,832.09,0.57
P0933,Folk Painting,East China,Winter,1,100,252.05,0,26-35,Medium,3.1,204,813.86,0.57
P0934,Sculpture,West China,Summer,0,114,1429.81,1,50+,High,2.3,301,4770.88,0.48
P0935,Textile,South China,Summer,0,93,3683.13,1,18-25,Medium,4.2,102,3498.17,0.41
P0936,Handicraft,North China,Spring,0,93,3408.23,0,50+,Low,4.6,442,2968.6,0.48
P0937,Handicraft,South China,Autumn,0,96,1290.98,1,26-35,Medium,4.0,55,1680.19,0.38
P0938,Handicraft,West China,Autumn,1,85,3018.87,0,26-35,Medium,1.7,36,2221.91,0.35
P0939,Handicraft,East China,Spring,0,87,3989.41,1,18-25,High,2.1,424,538.09,0.46
P0940,Handicraft,South China,Autumn,1,105,263.57,0,18-25,Medium,4.7,171,4990.94,0.66
P0941,Folk Painting,East China,Spring,0,86,3616.38,0,36-50,Medium,2.7,341,3799.92,0.3
P0942,Textile,East China,Summer,1,112,1335.28,0,50+,High,4.8,110,3145.12,0.65
P0943,Sculpture,East China,Winter,0,84,4744.47,0,36-50,High,2.6,196,2980.06,0.2
P0944,Sculpture,South China,Winter,0,96,2737.28,0,36-50,Low,4.8,447,2571.14,0.51
P0945,Sculpture,East China,Summer,0,88,263.59,0,50+,High,4.7,482,1361.39,0.5
P0946,Sculpture,East China,Winter,1,103,2076.81,1,26-35,Medium,3.6,203,1209.31,0.75
P0947,Folk Painting,South China,Winter,0,109,4834.93,0,50+,Low,1.0,167,2792.71,0.18
P0948,Musical Instrument,East China,Autumn,1,98,3678.83,0,26-35,Low,2.6,466,443.98,0.68
P0949,Textile,South China,Summer,1,98,1572.35,1,36-50,Low,4.6,416,464.91,0.91
P0950,Handicraft,West China,Autumn,1,105,2918.81,0,26-35,Low,4.5,18,2847.99,0.56
P0951,Musical Instrument,West China,Autumn,0,96,3035.6,0,26-35,Medium,1.7,221,4607.08,0.21
P0952,Sculpture,West China,Winter,1,98,214.41,0,26-35,Medium,2.6,448,4579.93,0.67
P0953,Musical Instrument,East China,Winter,1,110,976.28,0,50+,Medium,4.3,394,153.06,0.77
P0954,Textile,North China,Summer,0,88,2803.71,1,26-35,Medium,3.3,321,626.23,0.47
P0955,Handicraft,North China,Winter,0,102,2073.49,0,50+,Low,4.4,176,2957.08,0.35
P0956,Handicraft,East China,Winter,0,98,1031.19,0,18-25,Medium,4.3,352,4257.53,0.43
P0957,Textile,North China,Summer,0,107,3886.08,0,18-25,Low,4.6,283,4776.8,0.44
P0958,Textile,South China,Winter,0,105,2496.07,0,36-50,High,1.5,307,4316.85,0.27
P0959,Sculpture,North China,Autumn,1,106,1618.87,0,36-50,Medium,1.6,489,3420.3,0.66
P0960,Handicraft,East China,Summer,0,81,892.22,1,50+,High,1.3,120,1082.57,0.22
P0961,Musical Instrument,East China,Winter,0,115,3094.7,1,26-35,High,4.7,338,455.85,0.64
P0962,Folk Painting,South China,Spring,1,107,3364.68,1,26-35,Medium,2.9,212,332.83,0.72
P0963,Folk Painting,West China,Summer,0,85,3381.03,0,18-25,Low,1.3,257,3099.18,0.17
P0964,Textile,East China,Summer,1,116,1179.41,0,50+,High,2.3,74,277.32,0.5
P0965,Sculpture,South China,Spring,0,109,3017.16,1,26-35,Medium,2.4,212,3722.28,0.42
P0966,Folk Painting,North China,Winter,0,118,4536.49,0,26-35,High,4.2,170,3591.11,0.39
P0967,Handicraft,North China,Winter,0,91,1830.62,1,50+,High,3.9,423,490.09,0.57
P0968,Textile,South China,Summer,0,93,1132.76,1,36-50,Medium,3.8,142,4542.45,0.41
P0969,Musical Instrument,South China,Summer,0,93,3883.53,1,50+,High,1.1,187,2657.45,0.28
P0970,Textile,East China,Winter,1,117,966.73,0,50+,Low,4.6,202,4531.75,0.7
P0971,Musical Instrument,North China,Winter,0,106,1343.37,0,26-35,Low,1.9,275,4517.89,0.28
P0972,Textile,South China,Autumn,1,110,593.16,1,18-25,High,3.5,69,1065.47,0.69
P0973,Textile,North China,Summer,0,100,1412.58,1,26-35,High,1.2,214,1964.83,0.33
P0974,Textile,South China,Summer,0,106,2110.64,0,26-35,Medium,1.3,164,759.67,0.18
P0975,Musical Instrument,North China,Spring,0,125,414.37,1,26-35,Low,1.0,81,3897.39,0.32
P0976,Musical Instrument,West China,Autumn,0,125,4371.37,0,50+,High,3.3,165,2570.21,0.35
P0977,Textile,East China,Winter,1,77,2617.01,0,50+,Low,3.5,182,4651.16,0.51
P0978,Folk Painting,North China,Autumn,1,109,2981.71,1,26-35,High,1.2,317,1120.25,0.69
P0979,Sculpture,West China,Winter,1,91,1919.3,0,26-35,Medium,2.2,459,3473.0,0.63
P0980,Sculpture,North China,Winter,0,104,3382.19,0,18-25,Medium,4.4,71,4947.26,0.3
P0981,Sculpture,North China,Autumn,0,109,2215.73,0,36-50,Low,1.4,382,3360.37,0.32
P0982,Musical Instrument,West China,Summer,0,103,3830.44,0,26-35,Low,1.9,469,436.99,0.38
P0983,Musical Instrument,North China,Winter,1,92,4124.87,0,50+,High,2.7,484,2983.28,0.68
P0984,Folk Painting,North China,Autumn,0,104,3392.06,0,36-50,High,4.4,390,981.23,0.48
P0985,Sculpture,East China,Spring,0,115,2507.54,0,36-50,High,2.0,214,249.46,0.28
P0986,Sculpture,West China,Autumn,0,100,3933.12,1,18-25,Low,5.0,69,1741.31,0.46
P0987,Textile,West China,Spring,0,97,2522.0,1,36-50,Medium,2.4,95,1403.91,0.32
P0988,Musical Instrument,South China,Winter,0,91,646.4,0,26-35,Medium,2.5,433,3964.98,0.35
P0989,Sculpture,North China,Autumn,0,87,670.07,0,26-35,Low,1.5,152,1931.03,0.13
P0990,Folk Painting,East China,Autumn,1,97,4748.06,0,50+,Medium,3.7,360,3691.5,0.68
P0991,Folk Painting,North China,Spring,1,81,1146.46,1,26-35,Low,2.0,16,179.57,0.48
P0992,Sculpture,North China,Autumn,0,92,4098.03,1,26-35,High,3.5,304,172.58,0.48
P0993,Musical Instrument,South China,Autumn,0,117,1308.86,1,18-25,Low,1.9,188,243.64,0.4
P0994,Folk Painting,North China,Winter,0,105,2210.82,0,36-50,Medium,2.6,236,1174.86,0.29
P0995,Textile,East China,Autumn,1,105,3309.25,1,18-25,Low,4.4,16,1932.54,0.69
P0996,Folk Painting,East China,Summer,1,102,878.45,0,36-50,Low,4.0,149,3078.44,0.59
P0997,Handicraft,South China,Spring,1,95,3712.51,1,18-25,Low,1.6,23,4930.98,0.51
P0998,Handicraft,North China,Autumn,1,110,3480.57,0,50+,Low,3.4,43,1836.61,0.53
P0999,Musical Instrument,East China,Spring,0,81,2761.11,0,18-25,Medium,3.5,387,372.73,0.35
P1000,Sculpture,North China,Spring,1,92,2872.86,1,18-25,High,1.4,432,1055.01,0.72
P1001,Musical Instrument,North China,Spring,0,104,618.28,1,50+,Medium,2.9,249,4499.47,0.45
P1002,Musical Instrument,North China,Autumn,0,95,2236.15,0,26-35,Medium,2.0,338,3526.96,0.29
P1003,Musical Instrument,South China,Autumn,1,113,524.2,0,26-35,High,2.9,329,3971.98,0.67
P1004,Musical Instrument,North China,Spring,0,95,1608.53,0,50+,Medium,4.1,106,708.42,0.27
P1005,Textile,East China,Summer,0,77,4511.53,0,50+,High,1.6,277,761.44,0.17
P1006,Textile,North China,Spring,0,86,2915.21,0,18-25,High,1.5,135,650.01,0.11
P1007,Folk Painting,East China,Summer,0,86,3739.25,1,50+,Low,2.1,43,4300.13,0.24
P1008,Handicraft,North China,Spring,1,106,2912.04,0,50+,Medium,4.8,292,1128.84,0.73
P1009,Musical Instrument,East China,Winter,0,112,1051.76,1,36-50,High,4.0,415,3251.44,0.63
P1010,Folk Painting,East China,Spring,0,106,3014.56,1,36-50,Medium,1.1,27,2629.22,0.23
P1011,Handicraft,North China,Spring,0,92,3801.4,1,26-35,Medium,2.6,439,2767.51,0.51
P1012,Sculpture,North China,Autumn,0,108,778.18,1,50+,High,2.0,437,1057.63,0.52
P1013,Textile,East China,Summer,0,94,4102.84,1,18-25,Low,3.6,411,3212.71,0.55
P1014,Handicraft,West China,Winter,0,88,2821.42,0,26-35,High,2.8,302,311.19,0.29
P1015,Sculpture,South China,Summer,0,100,120.95,0,26-35,Low,4.9,400,4968.01,0.5
P1016,Handicraft,West China,Winter,1,102,2646.91,0,26-35,High,1.9,77,231.12,0.44
P1017,Textile,West China,Spring,1,91,2038.79,0,50+,High,3.4,246,345.77,0.58
P1018,Textile,North China,Autumn,0,104,1552.59,0,50+,Low,3.8,89,1690.77,0.27
P1019,Folk Painting,South China,Autumn,0,92,3879.16,1,18-25,Low,4.3,95,4174.96,0.41
P1020,Musical Instrument,West China,Summer,0,111,4507.55,0,18-25,Medium,2.6,69,1360.23,0.22
P1021,Handicraft,North China,Autumn,1,103,3837.0,0,26-35,High,3.7,57,2412.48,0.53
P1022,Handicraft,West China,Summer,0,102,4249.19,1,50+,Medium,2.2,188,188.09,0.37
P1023,Sculpture,West China,Summer,1,109,4553.03,0,18-25,Medium,2.7,365,486.51,0.66
P1024,Textile,North China,Winter,1,99,4571.88,0,36-50,Low,4.6,93,3079.03,0.59
P1025,Handicraft,North China,Summer,1,107,661.73,1,36-50,Low,4.8,104,1052.36,0.77
P1026,Textile,North China,Winter,1,98,2336.29,1,26-35,Medium,3.9,317,3501.85,0.81
P1027,Handicraft,South China,Autumn,0,82,101.4,0,36-50,Low,2.5,261,3948.42,0.23
P1028,Folk Painting,West China,Summer,0,91,2581.67,1,26-35,High,4.3,490,4266.64,0.63
P1029,Musical Instrument,North China,Summer,1,100,4628.8,0,50+,Low,1.1,342,755.62,0.53
P1030,Handicraft,East China,Spring,0,111,1075.6,0,26-35,Low,1.4,189,2331.99,0.22
P1031,Textile,West China,Summer,0,97,3234.95,0,26-35,High,3.6,93,4740.7,0.24
P1032,Folk Painting,East China,Summer,0,92,3257.46,1,50+,Low,2.2,319,3883.21,0.42
P1033,Handicraft,South China,Spring,0,103,885.73,0,18-25,Medium,4.8,434,673.11,0.52
P1034,Sculpture,North China,Spring,1,93,1268.78,1,18-25,Medium,2.7,435,2562.25,0.8
P1035,Musical Instrument,East China,Autumn,0,82,2363.91,0,18-25,Medium,2.7,495,4619.66,0.37
P1036,Handicraft,South China,Summer,0,103,1022.23,1,18-25,Low,3.7,159,2256.19,0.45
P1037,Folk Painting,North China,Autumn,1,90,2966.47,1,26-35,Low,4.1,48,4203.35,0.65
P1038,Sculpture,East China,Autumn,1,97,2474.25,0,18-25,Low,2.9,288,2529.63,0.6
P1039,Folk Painting,East China,Spring,0,110,2644.07,0,36-50,Medium,1.9,313,623.38,0.31
P1040,Folk Painting,South China,Winter,0,112,758.89,1,36-50,Low,4.1,122,824.49,0.47
P1041,Sculpture,North China,Autumn,0,103,2634.53,0,18-25,High,2.3,385,328.71,0.35
P1042,Folk Painting,North China,Winter,0,104,342.44,0,36-50,Low,1.7,426,1057.04,0.35
P1043,Sculpture,East China,Summer,0,90,4419.52,0,36-50,Medium,3.5,136,4478.71,0.24
P1044,Handicraft,East China,Spring,0,112,1781.92,0,50+,High,1.4,50,3285.97,0.14
P1045,Sculpture,East China,Summer,1,100,4296.05,0,50+,High,4.9,167,3720.4,0.65
P1046,Sculpture,North China,Summer,0,113,3538.12,0,18-25,Medium,3.5,215,3146.14,0.36
P1047,Musical Instrument,South China,Spring,0,119,3854.25,1,26-35,High,4.9,56,1994.04,0.5
P1048,Sculpture,South China,Summer,0,109,1641.27,0,26-35,High,2.4,493,1162.62,0.44
P1049,Sculpture,North China,Spring,0,93,1215.95,0,50+,High,4.9,194,4635.51,0.36
P1050,Handicraft,West China,Winter,1,101,2093.03,1,50+,High,1.6,81,2622.67,0.56
P1051,Musical Instrument,South China,Summer,0,100,218.71,1,26-35,High,1.2,66,2457.39,0.24
P1052,Textile,East China,Spring,0,101,4601.9,0,18-25,Low,1.1,248,4980.91,0.2
P1053,Handicraft,West China,Autumn,0,89,1996.37,0,26-35,Medium,2.9,71,1981.26,0.17
P1054,Handicraft,West China,Summer,1,85,4943.93,0,26-35,Medium,1.3,351,4285.21,0.5
P1055,Textile,South China,Winter,0,96,3831.1,0,36-50,Low,3.0,66,4325.49,0.19
P1056,Sculpture,West China,Spring,0,99,494.52,1,26-35,Low,2.3,461,1240.08,0.52
P1057,Folk Painting,West China,Summer,0,112,3334.92,1,50+,Medium,2.3,252,564.71,0.45
P1058,Musical Instrument,South China,Summer,1,91,1427.11,1,18-25,Medium,3.5,492,4880.54,0.87
P1059,Folk Painting,South China,Summer,0,95,1294.22,1,26-35,Low,1.7,337,2186.89,0.41
P1060,Textile,West China,Winter,0,103,1357.16,0,36-50,Low,4.1,491,110.88,0.51
P1061,Handicraft,East China,Spring,0,108,4588.77,1,50+,High,3.3,133,2545.19,0.42
P1062,Handicraft,North China,Autumn,0,119,2549.9,1,50+,Low,4.7,479,3134.57,0.73
P1063,Musical Instrument,West China,Autumn,1,105,3380.41,0,36-50,Low,2.5,162,3902.83,0.53
P1064,Handicraft,West China,Autumn,1,114,1476.64,0,50+,High,4.9,264,4720.42,0.75
P1065,Handicraft,East China,Spring,0,83,2662.48,0,36-50,High,3.3,226,4584.34,0.26
P1066,Musical Instrument,West China,Autumn,0,104,1815.49,0,50+,Medium,4.9,433,4706.67,0.53
P1067,Musical Instrument,West China,Winter,0,96,1673.58,1,50+,Medium,1.1,241,257.41,0.32
P1068,Textile,North China,Spring,0,106,1310.15,1,50+,Low,3.9,26,3587.69,0.39
P1069,Handicraft,North China,Summer,0,102,2104.13,1,50+,High,4.3,89,1206.7,0.44
P1070,Handicraft,North China,Winter,0,104,3334.15,1,36-50,High,1.2,185,1019.01,0.32
P1071,Textile,South China,Summer,0,98,1188.01,1,26-35,Medium,3.3,48,4021.56,0.34
P1072,Sculpture,South China,Autumn,0,98,4830.68,0,50+,Medium,4.2,152,2143.94,0.31
P1073,Sculpture,North China,Winter,1,89,710.6,0,36-50,Low,3.2,26,4591.34,0.44
P1074,Sculpture,North China,Spring,1,104,2453.02,1,36-50,High,1.3,258,307.93,0.65
P1075,Textile,South China,Winter,1,89,516.64,1,36-50,Medium,3.8,44,4030.69,0.62
P1076,Handicraft,East China,Summer,0,126,211.06,1,26-35,Low,1.2,298,770.49,0.45
P1077,Textile,West China,Spring,1,110,4621.12,0,18-25,Low,4.3,497,965.23,0.83
P1078,Textile,West China,Winter,0,121,4070.89,1,36-50,Low,1.2,496,2439.02,0.55
P1079,Sculpture,North China,Winter,0,91,3501.36,1,36-50,Medium,1.5,155,2038.39,0.28
P1080,Folk Painting,East China,Winter,1,91,4339.43,0,36-50,Medium,2.1,423,2482.24,0.61
P1081,Handicraft,South China,Winter,0,109,4033.96,1,26-35,Medium,3.5,224,4706.13,0.49
P1082,Sculpture,North China,Spring,0,96,3271.46,0,50+,Medium,4.9,174,3321.21,0.36
P1083,Folk Painting,East China,Summer,0,97,4251.98,0,26-35,Medium,1.5,120,1522.52,0.14
P1084,Folk Painting,East China,Winter,0,114,2014.92,1,36-50,High,1.6,144,947.25,0.35
P1085,Musical Instrument,East China,Spring,0,100,2808.48,0,18-25,High,2.5,83,2158.23,0.18
P1086,Handicraft,South China,Summer,0,124,3903.92,0,36-50,High,4.3,473,2313.04,0.58
P1087,Folk Painting,South China,Winter,1,94,515.51,1,50+,High,2.9,165,3046.34,0.66
P1088,Sculpture,West China,Summer,0,94,4307.36,1,18-25,Low,2.3,224,1403.41,0.38
P1089,Musical Instrument,West China,Summer,0,95,868.47,0,18-25,Low,3.2,363,3860.8,0.37
P1090,Handicraft,East China,Spring,0,105,4336.25,1,26-35,High,2.0,283,582.46,0.43
P1091,Textile,East China,Summer,0,110,1625.53,0,26-35,Medium,2.6,440,2846.22,0.42
P1092,Sculpture,South China,Spring,1,112,1701.24,1,50+,High,2.3,288,3155.31,0.75
P1093,Folk Painting,West China,Winter,0,99,462.35,1,26-35,High,4.2,157,1113.47,0.46
P1094,Folk Painting,East China,Summer,0,97,4440.91,0,50+,Low,4.7,40,4147.46,0.28
P1095,Sculpture,West China,Summer,0,81,955.1,0,18-25,Medium,4.0,23,3115.62,0.18
P1096,Folk Painting,West China,Autumn,1,102,3187.24,0,18-25,Low,2.8,32,3264.04,0.46
P1097,Musical Instrument,East China,Winter,1,105,3255.44,0,18-25,Medium,3.0,11,2538.94,0.47
P1098,Handicraft,South China,Winter,0,85,1477.64,1,50+,Low,1.5,422,4557.01,0.41
P1099,Musical Instrument,East China,Autumn,0,84,4929.74,0,26-35,High,4.0,187,3500.25,0.28
P1100,Folk Painting,East China,Autumn,0,106,414.41,0,26-35,Medium,3.4,338,1970.99,0.4
P1101,Textile,West China,Spring,0,97,3078.57,1,26-35,Low,4.6,68,1269.17,0.43
P1102,Handicraft,East China,Spring,0,95,2449.77,0,36-50,High,1.8,298,448.2,0.25
P1103,Handicraft,South China,Summer,1,121,1302.87,0,18-25,Low,4.0,185,910.27,0.67
P1104,Sculpture,East China,Summer,0,81,901.4,0,18-25,Low,3.7,181,4964.15,0.25
P1105,Sculpture,South China,Summer,1,86,3711.71,1,36-50,Low,2.1,405,2093.16,0.72
P1106,Textile,South China,Summer,0,116,4589.94,1,18-25,High,3.7,92,4503.57,0.45
P1107,Handicraft,West China,Spring,0,101,626.98,1,18-25,Medium,4.7,435,935.79,0.65
P1108,Textile,North China,Winter,0,100,1050.5,0,36-50,Low,4.7,477,2184.27,0.53
P1109,Sculpture,North China,Summer,0,99,4932.72,0,18-25,High,3.9,494,4806.54,0.49
P1110,Sculpture,West China,Winter,0,99,173.61,0,26-35,Low,1.2,232,546.55,0.19
P1111,Handicraft,East China,Summer,0,98,2590.43,0,36-50,Medium,4.5,44,3010.52,0.27
P1112,Musical Instrument,West China,Autumn,0,95,2628.95,0,18-25,Low,3.6,306,4603.94,0.36
P1113,Folk Painting,South China,Summer,0,100,1389.49,0,26-35,High,2.2,478,4753.45,0.39
P1114,Sculpture,North China,Summer,0,110,3348.84,0,50+,Low,1.7,448,4245.44,0.38
P1115,Sculpture,West China,Summer,0,102,4730.21,1,18-25,Low,1.5,119,4294.08,0.3
P1116,Musical Instrument,East China,Spring,0,119,2306.05,0,36-50,Medium,1.2,244,3295.7,0.26
P1117,Musical Instrument,West China,Autumn,0,113,3772.16,0,26-35,Medium,4.0,406,1180.07,0.49
P1118,Textile,North China,Summer,0,104,3265.74,1,50+,Medium,1.9,48,3680.32,0.28
P1119,Textile,West China,Summer,0,108,2417.42,0,50+,Low,1.1,228,4894.08,0.21
P1120,Folk Painting,West China,Winter,1,93,344.08,0,18-25,High,2.6,226,2677.07,0.53
P1121,Folk Painting,North China,Autumn,1,99,3734.57,1,50+,Low,2.9,203,1377.42,0.69
P1122,Handicraft,South China,Summer,0,105,1879.93,1,36-50,Low,1.7,172,2910.01,0.35
P1123,Textile,South China,Winter,0,126,1200.02,0,50+,Low,1.2,125,3483.99,0.22
P1124,Sculpture,North China,Winter,0,107,4746.52,1,18-25,Low,1.8,337,1120.57,0.45
P1125,Textile,West China,Spring,1,96,3890.16,0,50+,Medium,3.7,170,3624.03,0.57
P1126,Sculpture,North China,Winter,0,107,4815.12,1,18-25,Medium,1.3,98,2978.42,0.29
P1127,Musical Instrument,South China,Summer,0,93,1355.46,1,50+,Medium,3.2,478,3100.51,0.57
P1128,Textile,East China,Spring,1,101,4195.39,0,26-35,Medium,1.6,429,1599.34,0.61
P1129,Musical Instrument,West China,Spring,0,94,3077.83,1,18-25,High,1.8,150,860.81,0.31
P1130,Folk Painting,South China,Summer,0,90,4909.37,1,36-50,Low,2.6,321,3154.9,0.43
P1131,Folk Painting,West China,Autumn,0,102,4736.95,0,36-50,Low,1.4,183,2972.54,0.19
P1132,Handicraft,North China,Winter,0,86,4867.54,1,50+,Low,1.7,210,1756.26,0.31
P1133,Textile,East China,Spring,1,102,4763.66,0,26-35,High,2.4,364,1549.88,0.63
P1134,Musical Instrument,North China,Autumn,1,97,137.54,0,50+,High,2.3,311,1801.5,0.57
P1135,Sculpture,East China,Summer,0,89,3731.32,1,50+,Medium,4.0,365,2500.43,0.54
P1136,Folk Painting,West China,Winter,0,112,1432.48,0,26-35,Low,1.3,122,4876.62,0.18
P1137,Folk Painting,West China,Winter,0,106,3554.63,0,18-25,Low,4.4,376,3841.47,0.48
P1138,Sculpture,North China,Spring,0,105,4904.99,1,36-50,High,4.3,437,4273.52,0.64
P1139,Musical Instrument,East China,Winter,0,102,292.86,1,26-35,Low,4.1,183,2577.68,0.48
P1140,Musical Instrument,East China,Winter,0,102,2878.24,1,50+,High,2.2,83,2678.01,0.31
P1141,Textile,West China,Winter,0,112,3701.27,0,18-25,Medium,4.3,334,1101.19,0.46
P1142,Textile,North China,Winter,0,90,1341.46,0,50+,High,1.7,296,3633.12,0.23
P1143,Handicraft,East China,Summer,0,98,1203.1,0,18-25,Low,1.5,134,2165.76,0.15
P1144,Folk Painting,West China,Autumn,0,94,395.69,0,36-50,High,1.2,33,3737.99,0.07
P1145,Textile,South China,Summer,0,94,560.21,1,36-50,High,4.8,41,2104.37,0.41
P1146,Musical Instrument,North China,Summer,0,87,3318.07,1,18-25,Medium,2.2,263,631.73,0.37
P1147,Sculpture,South China,Spring,0,88,2575.53,0,36-50,Low,4.7,122,947.96,0.29
P1148,Musical Instrument,North China,Winter,0,88,247.35,0,50+,Low,2.1,204,4076.69,0.19
P1149,Folk Painting,West China,Summer,0,111,4851.34,1,18-25,Medium,4.6,25,1367.22,0.44
P1150,Musical Instrument,East China,Winter,0,98,3314.62,1,50+,High,4.6,450,1395.34,0.64
P1151,Handicraft,East China,Summer,0,109,2625.8,0,18-25,High,4.7,498,4653.9,0.57
P1152,Folk Painting,East China,Summer,0,102,1436.35,1,50+,Low,3.0,221,3322.41,0.44
P1153,Sculpture,North China,Spring,0,102,3324.68,0,36-50,High,4.5,117,660.11,0.32
P1154,Handicraft,West China,Autumn,1,83,1884.42,1,26-35,Medium,4.8,33,803.57,0.66
P1155,Folk Painting,South China,Autumn,0,118,3542.22,1,50+,Low,2.3,299,1434.6,0.49
P1156,Sculpture,West China,Summer,0,104,3444.6,1,18-25,High,2.7,393,3010.58,0.52
P1157,Handicraft,South China,Spring,0,98,554.44,0,36-50,Medium,3.9,317,3788.84,0.39
P1158,Handicraft,North China,Winter,0,95,4555.38,0,18-25,Medium,2.2,313,1445.03,0.28
P1159,Folk Painting,North China,Winter,0,108,2486.17,0,50+,Low,4.0,352,4366.15,0.45
P1160,Textile,South China,Summer,0,91,2025.43,1,18-25,Low,1.3,128,634.98,0.26
P1161,Handicraft,South China,Autumn,0,112,4781.76,1,18-25,High,3.1,190,1117.24,0.46
P1162,Handicraft,South China,Spring,0,101,2247.23,1,50+,High,1.5,448,4855.28,0.48
P1163,Sculpture,West China,Autumn,0,98,3633.98,1,36-50,High,2.2,47,760.25,0.28
P1164,Musical Instrument,South China,Winter,0,99,3310.17,1,36-50,Medium,2.0,395,4451.75,0.47
P1165,Folk Painting,North China,Autumn,1,97,909.19,0,50+,Medium,4.4,242,3549.28,0.65
P1166,Folk Painting,North China,Winter,0,100,4956.6,1,36-50,High,1.8,78,458.13,0.28
P1167,Textile,East China,Spring,1,102,2371.66,0,26-35,Low,4.2,91,2470.16,0.57
P1168,Textile,South China,Spring,1,100,2034.43,0,18-25,Medium,4.2,127,2643.0,0.59
P1169,Folk Painting,West China,Summer,0,84,4606.11,0,50+,Medium,3.0,318,4667.48,0.3
P1170,Textile,West China,Summer,0,117,2693.27,0,26-35,High,1.9,59,2163.41,0.19
P1171,Sculpture,West China,Autumn,0,104,3554.88,1,18-25,Low,1.9,166,2289.14,0.35
P1172,Folk Painting,East China,Spring,1,100,4246.61,0,50+,Medium,2.9,83,651.17,0.49
P1173,Textile,North China,Spring,1,94,1253.92,0,36-50,Low,1.0,499,3231.95,0.6
P1174,Folk Painting,West China,Summer,0,105,930.39,1,50+,Medium,3.1,192,1133.4,0.44
P1175,Musical Instrument,North China,Winter,1,120,435.68,1,50+,Low,4.8,115,479.91,0.82
P1176,Handicraft,East China,Autumn,0,99,4495.95,0,18-25,Low,1.6,198,4984.9,0.2
P1177,Folk Painting,South China,Autumn,0,83,1081.8,0,18-25,Medium,3.3,315,1421.19,0.31
P1178,Handicraft,South China,Summer,1,96,1607.99,0,18-25,Low,4.8,281,791.16,0.7
P1179,Textile,South China,Spring,1,94,1500.45,1,26-35,Medium,4.4,96,3527.5,0.7
P1180,Handicraft,West China,Summer,0,82,1592.48,1,36-50,Medium,4.4,359,4126.24,0.53
P1181,Folk Painting,South China,Summer,1,104,3373.5,0,50+,Low,4.3,335,413.98,0.72
P1182,Musical Instrument,West China,Summer,1,95,4775.16,1,50+,Medium,2.2,181,616.43,0.63
P1183,Textile,East China,Summer,1,115,1714.32,0,36-50,Low,4.6,261,541.85,0.73
P1184,Folk Painting,East China,Winter,1,117,2097.47,0,50+,Medium,4.8,365,330.1,0.81
P1185,Textile,West China,Winter,1,92,3878.62,0,18-25,Low,3.0,477,3331.34,0.69
P1186,Sculpture,North China,Spring,0,124,2218.46,0,50+,Medium,2.4,153,2982.73,0.29
P1187,Handicraft,South China,Summer,1,102,4637.61,1,36-50,Medium,2.7,293,3347.75,0.74
P1188,Sculpture,South China,Winter,0,97,2565.77,0,26-35,High,2.3,194,2577.77,0.23
P1189,Folk Painting,South China,Spring,1,101,1803.9,0,26-35,Medium,1.8,163,4105.79,0.48
P1190,Musical Instrument,West China,Summer,0,105,4860.71,0,36-50,Medium,3.5,351,2778.67,0.41
P1191,Textile,East China,Autumn,0,104,2186.33,0,50+,Low,3.3,127,4601.86,0.27
P1192,Handicraft,South China,Winter,0,97,1232.76,0,50+,Low,2.9,276,2479.68,0.31
P1193,Textile,East China,Spring,0,94,970.73,0,26-35,Low,1.4,394,3974.23,0.28
P1194,Folk Painting,South China,Autumn,0,98,4976.39,0,50+,Low,4.2,334,2096.07,0.42
P1195,Textile,South China,Summer,1,94,3789.64,0,26-35,High,1.7,264,2232.6,0.5
P1196,Handicraft,West China,Summer,1,102,2102.43,1,36-50,High,1.5,250,4260.06,0.65
P1197,Folk Painting,North China,Summer,0,94,4149.18,1,36-50,Low,3.5,180,627.53,0.42
P1198,Textile,West China,Winter,1,96,2779.35,0,50+,Low,2.6,439,2868.1,0.66
P1199,Musical Instrument,South China,Spring,1,105,1655.21,0,18-25,Low,1.2,114,3659.05,0.43
P1200,Folk Painting,South China,Autumn,0,105,3742.59,1,18-25,Low,2.4,499,3777.06,0.57
P1201,Folk Painting,North China,Spring,0,93,3754.88,0,26-35,Medium,4.1,45,2998.32,0.23
P1202,Musical Instrument,East China,Winter,1,87,2550.83,0,36-50,Low,3.5,75,2295.52,0.48
P1203,Sculpture,East China,Spring,0,101,321.28,1,26-35,Medium,2.5,194,1377.83,0.39
P1204,Handicraft,South China,Winter,1,94,477.41,1,36-50,Low,1.8,399,4556.19,0.73
P1205,Sculpture,East China,Summer,1,89,3964.87,0,26-35,High,3.5,199,1911.96,0.55
P1206,Textile,South China,Autumn,1,85,4135.03,0,26-35,High,4.6,164,4015.06,0.58
P1207,Musical Instrument,North China,Summer,0,84,3423.62,0,26-35,Low,3.6,390,255.16,0.37
P1208,Sculpture,North China,Spring,0,83,4211.44,1,50+,High,4.3,419,1237.63,0.56
P1209,Folk Painting,South China,Summer,0,82,3625.49,0,18-25,High,3.1,236,1793.37,0.25
P1210,Textile,North China,Autumn,0,105,4494.98,0,36-50,High,3.9,150,3390.71,0.32
P1211,Textile,West China,Summer,0,105,836.95,0,26-35,High,4.6,85,1664.72,0.32
P1212,Sculpture,West China,Autumn,0,100,1999.93,0,18-25,Medium,4.1,155,302.68,0.32
P1213,Sculpture,North China,Autumn,0,84,2374.14,0,26-35,Medium,4.6,47,951.95,0.23
P1214,Musical Instrument,South China,Summer,1,100,1558.55,0,26-35,Medium,2.7,499,1369.91,0.71
P1215,Handicraft,South China,Winter,0,99,3654.3,0,36-50,Medium,4.6,271,962.63,0.41
P1216,Sculpture,North China,Spring,0,110,4570.95,1,50+,Low,3.5,135,1098.25,0.44
P1217,Sculpture,East China,Winter,0,99,2121.16,0,26-35,High,4.5,101,3867.89,0.3
P1218,Folk Painting,West China,Winter,0,97,4713.56,1,36-50,High,1.2,293,2118.96,0.36
P1219,Textile,East China,Summer,0,97,2632.17,0,50+,Low,3.6,354,2085.38,0.39
P1220,Handicraft,South China,Spring,1,103,2660.33,1,50+,Low,4.4,270,4836.37,0.83
P1221,Folk Painting,South China,Spring,0,109,3041.08,1,18-25,Medium,1.7,452,2288.84,0.52
P1222,Musical Instrument,East China,Winter,1,89,1414.82,0,18-25,Medium,3.6,472,4645.52,0.71
P1223,Musical Instrument,North China,Summer,0,107,1978.47,1,26-35,High,4.3,376,1565.41,0.61
P1224,Sculpture,East China,Spring,1,111,2810.86,0,18-25,Low,2.2,117,2063.07,0.5
P1225,Sculpture,East China,Winter,1,113,4715.72,1,36-50,High,2.6,466,2041.79,0.87
P1226,Musical Instrument,West China,Spring,1,104,3249.19,0,36-50,Low,3.3,54,2775.79,0.51
P1227,Sculpture,West China,Summer,1,107,1732.27,0,18-25,Medium,3.1,377,2962.81,0.69
P1228,Handicraft,East China,Summer,1,84,151.3,0,36-50,High,1.2,446,1315.81,0.55
P1229,Sculpture,East China,Summer,1,99,4910.16,0,36-50,High,1.4,11,3988.56,0.36
P1230,Textile,South China,Spring,0,83,2515.62,1,26-35,Low,1.4,442,2532.98,0.41
P1231,Sculpture,West China,Autumn,0,95,4698.63,0,26-35,High,2.0,210,134.51,0.21
P1232,Folk Painting,West China,Spring,0,93,2791.79,0,36-50,Medium,2.0,99,2997.57,0.14
P1233,Handicraft,South China,Autumn,0,89,3066.78,1,18-25,High,4.0,224,4010.49,0.46
P1234,Folk Painting,North China,Summer,0,111,3588.37,1,36-50,Low,3.3,124,1327.29,0.43
P1235,Folk Painting,West China,Winter,0,106,1672.78,1,50+,High,4.1,328,285.57,0.57
P1236,Textile,West China,Autumn,1,88,3525.02,1,50+,Medium,1.3,101,4055.18,0.51
P1237,Handicraft,North China,Summer,1,92,2681.28,0,50+,Low,2.9,335,4883.76,0.61
P1238,Handicraft,West China,Summer,0,83,3395.15,0,26-35,Low,2.3,195,475.16,0.18
P1239,Handicraft,West China,Autumn,0,112,4195.58,0,18-25,Medium,4.4,269,4696.38,0.43
P1240,Handicraft,North China,Winter,1,81,1002.72,1,36-50,Low,3.8,167,1860.44,0.67
P1241,Handicraft,North China,Summer,0,118,3106.4,0,18-25,Low,4.5,66,4713.05,0.34
P1242,Textile,East China,Autumn,1,92,355.35,0,18-25,High,1.2,56,3279.31,0.35
P1243,Sculpture,South China,Winter,0,98,600.36,0,18-25,Low,3.9,411,4462.2,0.44
P1244,Folk Painting,South China,Winter,0,119,3405.51,0,50+,High,3.2,231,3950.58,0.37
P1245,Handicraft,North China,Summer,0,113,447.59,0,36-50,Medium,4.3,484,237.19,0.55
P1246,Sculpture,North China,Spring,1,99,3017.25,1,26-35,Medium,3.0,117,420.67,0.65
P1247,Sculpture,West China,Spring,0,103,1178.06,0,18-25,Medium,3.2,360,2676.15,0.39
P1248,Folk Painting,East China,Summer,0,96,1590.02,0,18-25,Medium,1.2,309,735.13,0.23
P1249,Textile,East China,Winter,0,105,735.22,1,50+,Low,3.7,189,2359.07,0.47
P1250,Musical Instrument,North China,Summer,0,88,1318.47,1,50+,Low,2.1,186,4777.69,0.32
P1251,Musical Instrument,West China,Autumn,1,89,4124.33,0,36-50,High,1.1,496,1544.31,0.59
P1252,Sculpture,West China,Spring,1,87,3230.5,1,26-35,High,1.3,423,2495.67,0.69
P1253,Folk Painting,South China,Autumn,0,114,4753.82,1,26-35,High,4.8,189,1982.87,0.56
P1254,Musical Instrument,South China,Summer,0,96,338.85,0,50+,Low,2.4,46,3186.15,0.15
P1255,Sculpture,West China,Summer,0,103,3982.82,1,36-50,High,4.5,72,1049.84,0.44
P1256,Textile,South China,Winter,1,91,3525.48,1,18-25,Low,4.8,277,1373.7,0.82
P1257,Musical Instrument,North China,Winter,1,102,1378.37,0,36-50,Medium,4.8,282,4307.96,0.71
P1258,Sculpture,West China,Winter,0,86,3672.92,0,26-35,Low,4.5,299,4075.55,0.38
P1259,Sculpture,South China,Autumn,1,87,3611.09,0,50+,Medium,4.6,421,3967.03,0.74
P1260,Handicraft,East China,Winter,0,93,2350.79,1,18-25,High,2.2,397,3877.51,0.46
P1261,Textile,West China,Summer,1,85,3474.33,0,18-25,Low,1.6,363,2351.24,0.53
P1262,Handicraft,West China,Winter,1,76,2278.45,1,26-35,High,3.6,311,3671.56,0.72
P1263,Folk Painting,East China,Spring,1,109,1744.17,0,18-25,High,3.0,279,1997.3,0.63
P1264,Handicraft,North China,Winter,1,99,2385.81,0,36-50,Medium,1.4,278,593.48,0.51
P1265,Handicraft,East China,Autumn,0,103,4486.13,0,26-35,High,3.7,451,2027.54,0.47
P1266,Musical Instrument,West China,Spring,1,94,1984.46,0,26-35,Low,3.3,314,877.45,0.62
P1267,Sculpture,North China,Spring,0,98,2078.07,1,18-25,High,4.5,255,2015.17,0.53
P1268,Textile,South China,Spring,0,117,3081.18,1,26-35,Medium,3.4,187,1557.38,0.49
P1269,Handicraft,South China,Autumn,0,79,3789.7,0,50+,Medium,3.3,76,3035.89,0.16
P1270,Textile,South China,Summer,1,83,3699.64,0,36-50,High,2.8,286,1871.55,0.55
P1271,Handicraft,West China,Winter,0,103,197.01,1,26-35,Medium,2.9,217,3557.39,0.43
P1272,Folk Painting,East China,Spring,0,100,3468.34,1,50+,High,4.8,316,2609.52,0.59
P1273,Handicraft,North China,Spring,0,86,2307.71,1,18-25,Medium,1.6,47,4605.51,0.21
P1274,Musical Instrument,South China,Spring,0,95,2668.04,0,26-35,High,2.8,128,546.02,0.21
P1275,Sculpture,North China,Summer,0,97,2852.15,1,50+,High,3.6,35,3469.78,0.35
P1276,Folk Painting,West China,Summer,1,119,3685.43,1,18-25,Low,2.7,15,3394.74,0.64
P1277,Handicraft,South China,Autumn,1,83,4173.53,0,50+,Low,2.1,283,4758.07,0.5
P1278,Textile,West China,Summer,0,108,3266.68,0,18-25,High,2.1,242,1920.6,0.28
P1279,Folk Painting,East China,Winter,1,101,2863.15,0,36-50,Low,1.9,123,1596.65,0.46
P1280,Folk Painting,West China,Autumn,1,84,1931.47,1,26-35,Low,2.4,143,944.73,0.59
P1281,Handicraft,West China,Autumn,0,110,775.6,0,36-50,Medium,4.5,434,1399.91,0.53
P1282,Folk Painting,East China,Winter,1,110,4797.03,0,36-50,Low,3.0,322,2559.26,0.66
P1283,Textile,North China,Winter,1,109,2363.03,0,26-35,Medium,2.0,187,4204.79,0.52
P1284,Folk Painting,East China,Winter,0,105,2874.44,0,36-50,Low,2.5,34,1493.0,0.17
P1285,Textile,East China,Autumn,0,100,3780.26,0,36-50,Low,1.4,57,872.94,0.11
P1286,Handicraft,West China,Autumn,1,107,435.21,1,50+,High,4.6,289,1433.43,0.86
P1287,Sculpture,North China,Autumn,0,101,4289.55,0,18-25,Low,2.6,423,594.54,0.39
P1288,Folk Painting,South China,Winter,0,92,4005.43,0,36-50,High,4.9,352,4640.81,0.45
P1289,Sculpture,East China,Winter,0,89,3894.7,0,26-35,High,2.4,310,4375.86,0.27
P1290,Textile,North China,Spring,0,102,207.72,0,50+,High,4.3,308,1611.61,0.42
P1291,Folk Painting,East China,Summer,1,110,2679.94,0,18-25,High,2.0,81,1310.24,0.47
P1292,Musical Instrument,East China,Spring,0,90,365.92,0,36-50,Low,1.3,449,4536.45,0.29
P1293,Sculpture,East China,Winter,0,107,2799.28,0,36-50,High,1.1,210,108.68,0.2
P1294,Folk Painting,East China,Autumn,0,91,3620.4,1,26-35,Low,3.4,335,3042.83,0.49
P1295,Sculpture,West China,Winter,0,86,697.07,0,36-50,Low,2.2,42,4588.42,0.1
P1296,Folk Painting,North China,Summer,0,97,3504.93,1,26-35,Medium,2.8,106,2591.93,0.35
P1297,Handicraft,North China,Spring,0,106,2302.71,0,36-50,Medium,4.3,54,114.54,0.29
P1298,Sculpture,North China,Spring,1,106,4076.61,0,36-50,Medium,2.0,272,1172.47,0.56
P1299,Musical Instrument,East China,Autumn,0,103,2714.59,1,26-35,High,2.2,371,4619.96,0.48
P1300,Musical Instrument,West China,Spring,0,90,1747.0,0,18-25,Low,4.4,411,183.41,0.45
P1301,Textile,East China,Spring,0,93,1726.76,1,50+,Low,3.0,79,2034.42,0.33
P1302,Folk Painting,East China,Winter,0,96,4497.68,0,26-35,High,4.3,310,3969.75,0.4
P1303,Sculpture,North China,Spring,0,98,2319.07,0,18-25,Medium,2.5,302,4206.65,0.3
P1304,Textile,East China,Spring,0,107,2088.19,0,18-25,Medium,2.6,414,2440.28,0.4
P1305,Sculpture,South China,Spring,1,88,295.38,1,26-35,Low,1.7,227,1239.17,0.61
P1306,Folk Painting,East China,Autumn,0,115,1885.19,1,50+,Low,4.7,216,3038.55,0.57
P1307,Musical Instrument,South China,Autumn,1,99,4263.17,0,26-35,Low,4.6,181,1392.51,0.64
P1308,Handicraft,East China,Winter,0,103,3828.84,0,36-50,Medium,4.9,255,1350.79,0.43
P1309,Musical Instrument,West China,Spring,1,97,1182.47,0,36-50,Low,2.6,423,4057.24,0.65
P1310,Textile,West China,Autumn,0,90,2123.98,1,18-25,Medium,4.3,404,855.9,0.58
P1311,Handicraft,North China,Autumn,1,103,1063.24,0,36-50,Medium,2.7,265,127.06,0.59
P1312,Textile,East China,Winter,0,94,4775.66,0,50+,Medium,2.8,273,1750.2,0.29
P1313,Folk Painting,South China,Summer,0,88,3030.78,0,26-35,High,4.3,398,2505.77,0.43
P1314,Handicraft,South China,Spring,0,103,3796.34,1,50+,High,1.7,273,3554.89,0.4
P1315,Textile,East China,Autumn,1,122,3597.66,0,18-25,Low,1.9,14,3927.46,0.46
P1316,Folk Painting,South China,Winter,0,104,4381.08,1,36-50,Medium,2.3,19,3351.24,0.29
P1317,Musical Instrument,West China,Winter,0,102,4751.71,1,36-50,Low,4.2,280,3169.89,0.54
P1318,Folk Painting,South China,Winter,1,99,258.99,0,26-35,Medium,2.5,239,3362.17,0.55
P1319,Sculpture,North China,Autumn,0,92,4878.98,0,50+,Low,2.4,321,1430.48,0.29
P1320,Folk Painting,West China,Spring,1,101,4365.66,1,50+,Low,5.0,379,1973.57,0.92
P1321,Folk Painting,West China,Summer,0,88,1976.44,0,26-35,High,2.5,64,3120.54,0.14
P1322,Sculpture,West China,Spring,1,101,4201.64,0,36-50,High,2.0,396,421.3,0.62
P1323,Textile,East China,Winter,0,110,3709.13,1,18-25,High,3.5,50,1547.09,0.39
P1324,Textile,East China,Winter,0,87,3986.26,1,18-25,High,4.2,147,2091.45,0.42
P1325,Folk Painting,West China,Summer,0,95,1181.39,1,26-35,Medium,1.3,400,2713.86,0.42
P1326,Sculpture,East China,Spring,1,94,3277.96,1,26-35,Low,3.5,456,2483.76,0.86
P1327,Sculpture,South China,Winter,0,104,227.04,0,26-35,Low,1.1,124,3618.85,0.14
P1328,Musical Instrument,East China,Winter,0,109,4256.32,0,50+,Medium,3.1,72,2419.79,0.24
P1329,Textile,East China,Spring,1,112,4760.11,0,36-50,Medium,2.0,353,4530.24,0.63
P1330,Handicraft,West China,Winter,0,107,3344.4,0,36-50,Low,2.2,419,1963.56,0.38
P1331,Textile,North China,Spring,1,111,2612.08,0,26-35,High,2.9,43,2674.32,0.5
P1332,Textile,North China,Winter,1,80,3656.08,0,18-25,High,4.7,387,115.73,0.7
P1333,Musical Instrument,North China,Spring,1,101,1699.17,1,50+,High,3.8,261,1621.34,0.78
P1334,Handicraft,South China,Summer,1,116,3169.3,1,26-35,Medium,4.7,465,4346.21,1.0
P1335,Musical Instrument,East China,Winter,0,94,3622.97,1,50+,Low,3.6,432,1734.52,0.57
P1336,Handicraft,North China,Summer,0,100,799.14,0,26-35,Medium,1.0,453,1340.61,0.31
P1337,Folk Painting,West China,Winter,1,82,786.33,1,50+,Low,2.1,206,2763.33,0.6
P1338,Handicraft,North China,Winter,0,83,3609.08,0,18-25,High,4.6,365,485.78,0.41
P1339,Musical Instrument,North China,Autumn,0,87,2215.73,0,18-25,High,3.6,372,2704.87,0.37
P1340,Textile,East China,Spring,1,102,4457.09,1,18-25,High,4.9,419,1587.96,0.94
P1341,Handicraft,East China,Summer,0,106,1628.5,0,18-25,Low,1.6,261,1977.2,0.25
P1342,Handicraft,East China,Summer,1,98,307.91,1,36-50,High,2.2,71,3977.69,0.58
P1343,Sculpture,South China,Summer,1,113,3284.39,0,36-50,Low,2.4,403,3343.62,0.68
P1344,Textile,South China,Spring,1,95,3452.77,0,50+,Medium,2.3,234,2285.92,0.52
P1345,Folk Painting,North China,Autumn,1,90,2812.6,0,26-35,High,2.0,365,2929.83,0.57
P1346,Musical Instrument,East China,Summer,1,88,3448.33,1,36-50,Medium,2.8,63,3857.61,0.58
P1347,Folk Painting,North China,Spring,1,93,2666.4,0,26-35,Medium,3.6,168,3754.34,0.55
P1348,Textile,West China,Winter,0,109,3493.9,1,50+,Low,2.2,303,1008.08,0.46
P1349,Handicraft,West China,Summer,0,105,315.29,1,26-35,Medium,1.3,379,1574.5,0.44
P1350,Handicraft,East China,Summer,1,102,1905.15,1,18-25,Low,3.8,34,1806.36,0.66
P1351,Textile,East China,Autumn,1,97,1133.0,0,18-25,Low,2.8,246,1018.96,0.57
P1352,Handicraft,West China,Summer,0,92,586.7,0,36-50,Medium,3.2,470,159.59,0.42
P1353,Handicraft,East China,Summer,0,96,1247.05,1,50+,Low,2.8,330,952.44,0.47
P1354,Handicraft,South China,Winter,0,121,1037.42,1,36-50,Low,4.6,109,4060.4,0.52
P1355,Musical Instrument,South China,Spring,0,104,4868.34,1,36-50,Low,3.2,237,2775.01,0.46
P1356,Musical Instrument,East China,Spring,1,117,1504.07,0,36-50,Medium,4.7,187,1774.12,0.7
P1357,Sculpture,West China,Autumn,1,103,1231.7,0,50+,Low,3.0,417,3080.89,0.69
P1358,Folk Painting,North China,Winter,0,95,4190.89,0,18-25,High,2.2,164,3725.19,0.2
P1359,Textile,East China,Spring,0,114,2153.67,1,18-25,Medium,2.4,475,1836.7,0.58
P1360,Textile,East China,Winter,0,101,2165.18,0,36-50,Medium,3.1,443,2383.77,0.42
P1361,Textile,North China,Spring,1,93,2273.59,1,26-35,Low,3.1,248,414.64,0.71
P1362,Sculpture,East China,Winter,0,104,2141.02,1,18-25,Medium,3.7,443,3025.74,0.61
P1363,Musical Instrument,North China,Autumn,0,101,1700.17,0,18-25,High,1.9,152,1846.39,0.19
P1364,Sculpture,West China,Summer,0,106,1503.06,0,50+,Medium,3.6,26,2224.27,0.23
P1365,Textile,South China,Autumn,0,105,4421.6,1,18-25,Medium,4.1,294,2170.74,0.55
P1366,Folk Painting,West China,Spring,0,86,892.37,0,18-25,Medium,3.7,14,3198.81,0.17
P1367,Handicraft,South China,Autumn,0,106,987.21,0,36-50,Low,2.9,20,2905.08,0.19
P1368,Musical Instrument,North China,Summer,0,90,2901.42,0,36-50,High,5.0,217,2168.32,0.37
P1369,Musical Instrument,South China,Autumn,0,70,1783.93,0,50+,High,2.6,445,183.08,0.3
P1370,Sculpture,West China,Spring,0,94,2165.49,1,50+,High,1.4,427,3142.72,0.44
P1371,Musical Instrument,South China,Spring,1,86,4052.08,0,26-35,Medium,4.3,90,4409.93,0.53
P1372,Textile,North China,Autumn,1,107,4527.79,0,18-25,High,1.8,42,3870.8,0.43
P1373,Textile,South China,Summer,1,101,3973.71,1,36-50,Low,3.9,314,4909.92,0.82
P1374,Sculpture,East China,Autumn,1,136,1251.15,0,36-50,Medium,1.7,386,781.47,0.7
P1375,Textile,West China,Summer,0,89,4901.86,0,18-25,Low,1.1,168,1190.35,0.12
P1376,Folk Painting,East China,Winter,0,87,1879.56,1,50+,Medium,1.6,283,2742.41,0.35
P1377,Sculpture,North China,Summer,0,86,928.43,1,36-50,Low,2.5,124,1255.82,0.31
P1378,Folk Painting,South China,Winter,1,87,2547.53,0,50+,Medium,1.4,226,269.29,0.44
P1379,Handicraft,East China,Autumn,1,107,3653.9,0,36-50,Low,1.8,270,2071.21,0.55
P1380,Folk Painting,East China,Summer,0,104,508.03,1,36-50,High,4.1,167,1509.46,0.48
P1381,Handicraft,South China,Winter,0,94,3208.01,1,26-35,Medium,4.1,54,1392.43,0.38
P1382,Handicraft,South China,Winter,0,89,4304.58,0,36-50,Medium,4.3,129,4770.55,0.28
P1383,Folk Painting,West China,Winter,1,98,1382.73,0,18-25,Low,4.4,224,1268.43,0.65
P1384,Sculpture,East China,Spring,0,82,3496.3,0,18-25,Low,2.7,137,734.22,0.17
P1385,Textile,East China,Autumn,0,115,2059.55,1,18-25,Low,4.5,263,714.06,0.59
P1386,Textile,North China,Winter,0,94,2129.26,0,50+,Medium,3.1,47,4050.99,0.18
P1387,Handicraft,West China,Summer,0,101,1475.99,1,36-50,Low,2.9,374,3602.76,0.52
P1388,Handicraft,North China,Winter,1,86,3159.53,0,50+,High,3.9,219,734.48,0.58
P1389,Sculpture,East China,Spring,0,119,1868.9,1,26-35,Low,1.9,361,1176.79,0.51
P1390,Musical Instrument,North China,Autumn,1,99,4171.42,1,36-50,Low,4.2,103,3761.98,0.71
P1391,Folk Painting,East China,Spring,0,103,4818.24,0,18-25,Low,2.7,38,1445.62,0.18
P1392,Handicraft,East China,Spring,1,110,4681.93,0,26-35,High,1.5,173,4909.56,0.49
P1393,Textile,North China,Spring,1,92,899.33,0,26-35,Low,1.5,146,2748.79,0.42
P1394,Sculpture,North China,Summer,0,110,169.53,0,36-50,Low,1.7,32,1040.84,0.14
P1395,Folk Painting,South China,Autumn,0,91,2248.49,0,18-25,Medium,4.6,140,4308.16,0.31
P1396,Sculpture,South China,Autumn,1,97,3671.53,0,50+,Medium,5.0,95,1665.43,0.6
P1397,Folk Painting,South China,Summer,0,95,4889.53,1,36-50,Low,2.4,193,1515.16,0.37
P1398,Folk Painting,East China,Autumn,1,126,3938.77,1,18-25,Medium,2.2,433,1704.46,0.87
P1399,Handicraft,North China,Spring,1,92,2944.69,1,26-35,Low,1.9,246,3864.17,0.64
P1400,Sculpture,West China,Autumn,1,110,229.13,0,36-50,Low,4.3,193,948.74,0.66
P1401,Sculpture,East China,Summer,0,102,4145.15,0,26-35,High,1.8,323,1970.75,0.29
P1402,Textile,West China,Spring,0,92,968.01,0,18-25,Low,4.7,168,251.08,0.33
P1403,Textile,North China,Summer,0,92,372.47,0,50+,Medium,3.7,479,4150.47,0.45
P1404,Handicraft,East China,Winter,0,86,4266.76,0,50+,Medium,4.6,20,1769.52,0.22
P1405,Handicraft,West China,Spring,1,93,2874.63,0,26-35,Medium,3.2,51,1316.05,0.47
P1406,Musical Instrument,West China,Spring,1,94,729.9,1,26-35,Medium,3.8,244,2941.48,0.75
P1407,Textile,South China,Autumn,0,93,1994.06,0,26-35,Low,3.5,140,3554.46,0.25
P1408,Folk Painting,South China,Spring,1,96,519.15,0,36-50,High,4.3,194,4083.19,0.62
P1409,Sculpture,South China,Summer,0,99,3226.25,0,18-25,High,4.3,23,1804.15,0.25
P1410,Handicraft,East China,Autumn,0,101,1483.89,1,26-35,Low,3.4,311,4080.27,0.51
P1411,Sculpture,North China,Winter,1,96,4343.86,0,26-35,Medium,3.5,263,2377.92,0.61
P1412,Sculpture,North China,Summer,1,116,1853.2,0,26-35,High,4.7,156,595.6,0.68
P1413,Musical Instrument,South China,Winter,0,111,2523.71,0,50+,High,4.7,389,4246.91,0.52
P1414,Textile,South China,Winter,1,105,411.26,0,26-35,Low,3.7,69,2783.41,0.54
P1415,Handicraft,South China,Winter,0,118,1450.4,1,18-25,Medium,1.0,424,3052.1,0.49
P1416,Sculpture,West China,Spring,0,95,3416.16,0,50+,High,1.4,301,4693.71,0.23
P1417,Handicraft,South China,Summer,0,96,3707.69,0,18-25,Low,4.4,169,2839.84,0.33
P1418,Folk Painting,West China,Summer,1,97,1289.83,0,50+,High,1.3,456,127.36,0.6
P1419,Musical Instrument,North China,Spring,0,102,2568.72,1,50+,High,1.9,35,4366.02,0.27
P1420,Folk Painting,East China,Autumn,0,89,4105.9,0,36-50,Medium,1.9,74,1495.28,0.11
P1421,Handicraft,East China,Winter,0,92,1961.56,0,50+,Medium,3.4,395,2558.66,0.39
P1422,Handicraft,East China,Summer,1,84,755.48,0,50+,High,3.3,79,1103.94,0.46
P1423,Textile,East China,Spring,0,100,2216.16,0,18-25,Medium,2.2,391,1555.22,0.34
P1424,Sculpture,West China,Winter,0,101,3043.08,0,18-25,High,1.8,182,3464.58,0.2
P1425,Sculpture,West China,Autumn,0,121,136.25,0,26-35,High,4.1,471,2204.91,0.56
P1426,Folk Painting,South China,Autumn,0,93,1807.98,0,36-50,High,4.7,485,3172.94,0.51
P1427,Musical Instrument,West China,Winter,1,92,3076.44,0,50+,Low,1.2,234,4135.52,0.45
P1428,Sculpture,South China,Autumn,0,90,4764.37,1,36-50,Medium,1.5,162,1770.03,0.28
P1429,Textile,South China,Summer,1,114,2101.89,0,26-35,Medium,3.6,49,2884.87,0.55
P1430,Folk Painting,East China,Summer,0,111,898.56,0,36-50,High,4.2,155,3910.18,0.36
P1431,Folk Painting,West China,Summer,1,85,2717.67,0,50+,Medium,4.2,375,3604.1,0.68
P1432,Textile,West China,Autumn,0,103,1500.19,0,18-25,High,3.9,107,2745.23,0.29
P1433,Musical Instrument,South China,Summer,0,113,1152.42,0,36-50,Medium,4.5,257,1978.58,0.44
P1434,Textile,South China,Spring,0,87,2992.98,0,50+,Medium,1.9,21,2096.76,0.08
P1435,Musical Instrument,North China,Summer,1,78,4587.83,0,26-35,High,1.4,484,2222.36,0.56
P1436,Textile,North China,Summer,1,98,4192.6,0,50+,Medium,3.5,33,1809.34,0.49
P1437,Textile,South China,Autumn,0,108,993.23,0,36-50,High,4.3,234,3525.47,0.4
P1438,Handicraft,North China,Summer,1,102,3852.81,1,50+,Low,3.3,254,714.53,0.75
P1439,Folk Painting,North China,Winter,0,122,1226.36,0,50+,High,4.9,472,4840.53,0.61
P1440,Textile,South China,Spring,0,76,1524.44,0,36-50,Medium,4.2,180,3917.03,0.26
P1441,Textile,South China,Autumn,0,84,4608.25,0,36-50,Low,3.8,41,1561.0,0.19
P1442,Sculpture,West China,Spring,0,107,4564.15,0,26-35,Low,1.2,123,308.48,0.16
P1443,Folk Painting,South China,Winter,1,90,926.29,0,50+,High,1.4,218,3585.39,0.45
P1444,Sculpture,South China,Autumn,0,105,414.54,0,18-25,Low,4.1,492,3698.36,0.52
P1445,Folk Painting,East China,Autumn,0,88,1536.28,0,36-50,High,1.8,312,4821.75,0.24
P1446,Sculpture,West China,Summer,0,116,2950.7,0,50+,Medium,1.1,438,1343.16,0.36
P1447,Textile,West China,Spring,0,96,4396.77,0,18-25,High,4.6,44,505.35,0.27
P1448,Textile,West China,Winter,0,113,682.3,0,18-25,Low,4.6,214,4584.16,0.42
P1449,Handicraft,East China,Winter,0,118,2133.3,1,50+,High,1.9,387,1367.38,0.52
P1450,Sculpture,South China,Autumn,0,96,1431.57,1,50+,High,4.1,393,3635.5,0.58
P1451,Musical Instrument,West China,Summer,0,106,173.15,1,50+,Medium,1.2,402,397.23,0.45
P1452,Handicraft,West China,Autumn,0,96,3963.39,0,18-25,High,2.1,275,3826.87,0.26
P1453,Sculpture,North China,Autumn,0,92,4085.09,1,50+,Medium,3.5,74,722.43,0.35
P1454,Sculpture,West China,Autumn,0,99,1184.02,0,36-50,Low,4.1,452,3508.37,0.48
P1455,Handicraft,South China,Autumn,0,101,841.08,1,18-25,Low,1.0,107,2708.48,0.26
P1456,Textile,South China,Winter,0,88,808.35,1,36-50,High,2.3,194,4781.89,0.34
P1457,Sculpture,North China,Winter,0,105,2373.34,1,36-50,High,1.9,247,280.9,0.4
P1458,Textile,West China,Autumn,0,110,1307.83,0,50+,Low,5.0,494,1531.04,0.59
P1459,Handicraft,West China,Autumn,0,98,2605.64,0,36-50,Low,3.7,482,440.59,0.47
P1460,Textile,West China,Summer,0,85,1985.77,0,50+,Low,2.6,479,4408.07,0.37
P1461,Folk Painting,East China,Autumn,0,101,1133.36,0,18-25,High,1.3,275,3010.12,0.23
P1462,Musical Instrument,West China,Winter,0,104,3780.84,0,36-50,Low,3.4,483,2721.35,0.47
P1463,Sculpture,South China,Spring,1,94,836.78,0,50+,High,3.6,412,744.14,0.7
P1464,Musical Instrument,South China,Winter,0,91,4014.62,0,26-35,Low,4.3,241,2496.26,0.35
P1465,Textile,East China,Summer,0,110,2851.09,1,50+,Low,2.2,118,2053.65,0.36
P1466,Sculpture,East China,Winter,1,116,4176.98,0,26-35,High,4.9,498,1647.18,0.88
P1467,Textile,West China,Spring,0,103,123.32,0,50+,Medium,2.8,187,3883.73,0.27
P1468,Folk Painting,North China,Autumn,1,105,3771.02,1,26-35,High,2.2,258,400.25,0.7
P1469,Handicraft,East China,Spring,0,107,352.43,1,36-50,Medium,2.4,333,3268.76,0.48
P1470,Sculpture,East China,Autumn,1,94,4755.48,0,26-35,High,3.1,369,4132.67,0.64
P1471,Folk Painting,West China,Autumn,0,104,3543.42,0,36-50,Medium,4.7,14,4545.81,0.28
P1472,Folk Painting,West China,Winter,0,126,1668.84,0,36-50,Medium,3.9,166,3754.99,0.39
P1473,Sculpture,East China,Winter,1,96,1667.27,0,50+,Medium,3.3,239,1484.03,0.59
P1474,Textile,North China,Winter,0,95,4321.31,1,36-50,High,1.7,125,3042.49,0.29
P1475,Folk Painting,East China,Summer,0,98,4523.92,1,18-25,High,1.6,270,792.88,0.37
P1476,Musical Instrument,West China,Winter,1,94,4468.71,0,26-35,High,3.0,325,673.6,0.61
P1477,Folk Painting,West China,Summer,0,97,4062.83,1,50+,Medium,3.9,330,3229.26,0.53
P1478,Textile,East China,Winter,0,83,4113.26,1,36-50,Medium,4.0,136,4270.43,0.39
P1479,Textile,North China,Autumn,0,129,2906.56,1,26-35,High,1.9,37,429.52,0.36
P1480,Musical Instrument,East China,Summer,0,107,238.33,1,26-35,High,1.4,348,619.42,0.43
P1481,Folk Painting,East China,Spring,1,102,525.19,0,18-25,Low,2.5,237,2871.48,0.56
P1482,Textile,West China,Summer,1,94,3282.81,0,26-35,Low,4.7,138,1169.24,0.6
P1483,Sculpture,North China,Summer,0,92,2065.71,0,50+,Low,3.2,38,3097.91,0.17
P1484,Handicraft,South China,Spring,0,91,2879.82,1,50+,Low,2.3,188,1151.26,0.35
P1485,Handicraft,North China,Summer,0,116,1232.28,1,36-50,Low,2.3,173,670.76,0.41
P1486,Handicraft,East China,Autumn,0,91,3282.14,0,36-50,High,1.5,169,2773.32,0.15
P1487,Folk Painting,East China,Winter,1,104,1289.86,0,50+,Medium,2.9,329,4324.76,0.64
P1488,Musical Instrument,East China,Spring,0,100,2357.98,0,26-35,Medium,4.2,407,3457.1,0.46
P1489,Textile,North China,Winter,0,108,2445.73,1,26-35,High,4.9,297,4111.75,0.61
P1490,Sculpture,West China,Autumn,1,92,970.57,0,18-25,High,3.0,274,1405.04,0.58
P1491,Sculpture,East China,Spring,1,113,4393.42,0,36-50,High,1.7,476,4441.3,0.68
P1492,Folk Painting,East China,Winter,0,97,2676.52,0,26-35,Low,3.7,404,1947.49,0.42
P1493,Handicraft,North China,Winter,0,102,4347.24,1,26-35,Low,4.0,441,4276.99,0.62
P1494,Folk Painting,South China,Autumn,0,94,1386.42,1,36-50,Low,1.3,444,2408.76,0.44
P1495,Musical Instrument,South China,Winter,1,103,944.45,0,50+,High,4.4,397,1412.5,0.76
P1496,Musical Instrument,West China,Autumn,0,107,188.28,0,26-35,High,4.3,306,1375.27,0.43
P1497,Textile,West China,Summer,0,98,559.94,1,18-25,Medium,2.9,34,2881.57,0.31
P1498,Textile,East China,Autumn,0,93,822.61,1,26-35,High,3.2,154,487.15,0.38
P1499,Musical Instrument,North China,Summer,0,101,486.39,0,26-35,Low,3.9,184,4657.28,0.32
P1500,Musical Instrument,East China,Spring,0,95,4494.71,0,18-25,Medium,3.7,17,1430.17,0.2
P1501,Musical Instrument,West China,Winter,1,95,4566.05,0,50+,High,1.1,323,1744.56,0.51
P1502,Folk Painting,North China,Autumn,1,104,4693.08,0,18-25,Medium,1.5,118,1243.18,0.44
P1503,Musical Instrument,North China,Autumn,1,93,4803.32,0,18-25,Medium,1.7,138,114.74,0.43
P1504,Sculpture,West China,Winter,0,98,2509.99,0,36-50,High,4.0,11,3493.5,0.22
P1505,Handicraft,South China,Winter,1,115,2697.12,0,26-35,Low,2.8,19,2993.71,0.49
P1506,Musical Instrument,South China,Spring,1,87,741.07,1,50+,Low,3.2,356,4067.26,0.76
P1507,Handicraft,North China,Spring,0,97,771.55,0,26-35,Medium,4.1,126,300.95,0.29
P1508,Folk Painting,East China,Autumn,0,90,3886.51,0,50+,High,2.4,420,4650.41,0.34
P1509,Handicraft,South China,Spring,0,92,4293.07,0,18-25,High,4.0,406,1721.35,0.43
P1510,Folk Painting,East China,Summer,1,90,3945.1,0,36-50,Low,2.8,328,4574.04,0.59
P1511,Sculpture,South China,Spring,0,87,4189.42,0,18-25,High,2.5,20,624.94,0.11
P1512,Folk Painting,South China,Spring,1,103,1455.19,1,26-35,High,2.3,407,3745.21,0.79
P1513,Folk Painting,East China,Autumn,0,115,2383.72,0,36-50,Medium,4.9,105,2938.86,0.38
P1514,Textile,West China,Summer,1,96,2350.08,0,36-50,High,4.1,473,1855.14,0.76
P1515,Musical Instrument,South China,Spring,0,98,4976.89,0,26-35,High,1.1,389,487.8,0.27
P1516,Musical Instrument,South China,Summer,1,110,4750.97,1,50+,High,4.8,102,3063.21,0.78
P1517,Sculpture,East China,Summer,0,108,3032.58,0,36-50,Low,4.1,111,229.56,0.32
P1518,Sculpture,West China,Summer,1,121,776.07,0,50+,Low,1.6,107,2556.28,0.49
P1519,Musical Instrument,South China,Winter,0,104,1367.12,0,50+,Medium,1.3,291,3060.62,0.25
P1520,Textile,South China,Winter,0,104,1882.43,0,50+,Low,2.2,462,3689.37,0.39
P1521,Musical Instrument,West China,Winter,0,96,4378.74,1,36-50,Low,3.5,476,4957.54,0.59
P1522,Textile,South China,Winter,0,94,936.1,0,18-25,Low,3.5,304,1374.46,0.35
P1523,Sculpture,West China,Autumn,0,104,1176.76,1,36-50,Low,2.1,357,1679.71,0.47
P1524,Handicraft,West China,Spring,0,114,1811.98,0,18-25,Medium,2.8,165,1771.61,0.29
P1525,Sculpture,East China,Winter,1,93,4641.86,1,36-50,High,1.8,154,3684.76,0.59
P1526,Sculpture,North China,Autumn,0,89,2568.68,0,18-25,High,1.2,430,4665.91,0.27
P1527,Folk Painting,West China,Spring,0,105,3269.5,1,18-25,High,3.1,373,4874.19,0.54
P1528,Folk Painting,East China,Winter,0,86,1997.39,0,36-50,Medium,2.4,220,4734.48,0.21
P1529,Folk Painting,North China,Spring,0,85,1023.76,0,50+,Low,3.2,164,4408.98,0.22
P1530,Folk Painting,South China,Winter,1,87,1191.72,0,50+,Medium,4.8,251,4955.79,0.65
P1531,Textile,North China,Autumn,0,107,4033.09,1,18-25,Medium,1.6,85,1942.13,0.3
P1532,Musical Instrument,West China,Summer,1,93,4478.06,0,26-35,Medium,1.0,332,4746.77,0.5
P1533,Handicraft,West China,Summer,0,118,2516.07,0,26-35,High,1.3,387,3829.0,0.34
P1534,Sculpture,West China,Spring,0,95,1849.27,0,36-50,Low,2.9,461,925.45,0.41
P1535,Textile,West China,Autumn,1,92,4058.39,1,36-50,High,3.8,184,322.78,0.71
P1536,Handicraft,West China,Summer,0,111,3398.16,0,36-50,Medium,3.3,120,1150.97,0.28
P1537,Textile,East China,Winter,0,105,300.28,0,26-35,Medium,3.0,468,3915.88,0.45
P1538,Textile,West China,Summer,0,74,1818.63,1,50+,High,2.4,427,3195.31,0.43
P1539,Sculpture,East China,Spring,1,94,3442.65,1,36-50,High,2.2,27,1199.35,0.54
P1540,Musical Instrument,South China,Spring,0,97,2911.03,0,36-50,High,2.5,300,3735.42,0.3
P1541,Folk Painting,West China,Autumn,0,111,4892.53,1,50+,Low,3.4,283,792.48,0.52
P1542,Musical Instrument,West China,Spring,0,94,4343.97,0,18-25,High,1.7,247,4127.02,0.21
P1543,Sculpture,North China,Summer,0,96,392.72,0,36-50,Low,4.1,207,3991.39,0.33
P1544,Sculpture,South China,Summer,1,98,3656.27,1,26-35,Low,3.3,171,4865.62,0.7
P1545,Sculpture,West China,Summer,0,112,1748.0,1,26-35,High,2.1,426,836.37,0.53
P1546,Handicraft,West China,Summer,0,87,3442.21,0,36-50,Medium,3.0,393,4542.4,0.35
P1547,Musical Instrument,South China,Autumn,1,91,3124.4,0,26-35,Medium,4.9,209,1771.4,0.64
P1548,Musical Instrument,East China,Winter,0,103,2564.95,0,50+,Low,1.1,243,2138.69,0.21
P1549,Textile,West China,Winter,0,99,4279.45,1,18-25,Low,1.8,392,2395.38,0.46
P1550,Textile,North China,Autumn,0,113,3572.58,1,18-25,Low,2.8,349,3171.83,0.53
P1551,Textile,West China,Spring,0,115,4458.82,0,36-50,Medium,3.6,477,4974.34,0.52
P1552,Sculpture,North China,Winter,0,107,1479.86,1,36-50,Low,1.8,52,3039.8,0.29
P1553,Musical Instrument,North China,Spring,0,104,1805.82,0,18-25,Low,4.7,91,4640.91,0.33
P1554,Sculpture,West China,Winter,0,101,3147.56,1,18-25,Medium,3.6,36,1349.64,0.36
P1555,Handicraft,West China,Spring,0,102,4835.68,0,36-50,High,4.5,313,2052.22,0.43
P1556,Textile,North China,Autumn,0,92,1920.75,0,26-35,Medium,2.3,78,2572.05,0.15
P1557,Sculpture,South China,Summer,0,89,258.24,0,36-50,High,4.3,208,1682.22,0.32
P1558,Sculpture,South China,Spring,0,120,2284.85,1,50+,High,2.5,415,4886.65,0.57
P1559,Handicraft,West China,Summer,1,101,2765.25,0,36-50,Low,2.0,427,3655.85,0.64
P1560,Folk Painting,East China,Spring,0,83,4024.84,0,36-50,Low,4.6,436,2446.52,0.45
P1561,Musical Instrument,South China,Spring,1,96,3670.14,1,36-50,High,1.4,470,3781.39,0.75
P1562,Folk Painting,West China,Spring,0,113,4826.85,0,36-50,Low,4.8,381,2390.47,0.52
P1563,Textile,South China,Spring,1,105,3935.15,0,36-50,High,2.8,489,184.4,0.73
P1564,Sculpture,East China,Spring,1,96,1563.28,0,36-50,Low,5.0,225,2761.65,0.67
P1565,Handicraft,West China,Summer,0,101,3242.76,1,26-35,Medium,3.2,133,3163.41,0.4
P1566,Handicraft,East China,Spring,0,107,3393.98,0,36-50,High,4.0,25,4907.92,0.26
P1567,Musical Instrument,West China,Summer,0,108,4990.3,0,18-25,High,1.0,135,299.88,0.15
P1568,Folk Painting,East China,Autumn,0,107,779.82,0,36-50,Low,3.0,23,2609.28,0.2
P1569,Musical Instrument,South China,Winter,0,93,1037.49,1,26-35,Medium,3.9,48,580.96,0.36
P1570,Sculpture,South China,Spring,1,106,862.02,0,50+,Low,4.1,208,830.08,0.65
P1571,Musical Instrument,East China,Winter,0,102,2986.39,0,18-25,Medium,1.6,117,3091.27,0.16
P1572,Handicraft,East China,Summer,0,96,762.98,1,36-50,Low,2.7,277,1234.68,0.43
P1573,Handicraft,East China,Autumn,0,104,3314.44,0,36-50,High,2.7,477,3770.95,0.43
P1574,Textile,West China,Autumn,0,106,4038.49,0,18-25,Medium,1.4,362,2619.57,0.3
P1575,Textile,South China,Autumn,1,82,2220.69,1,36-50,Medium,2.8,320,1169.24,0.7
P1576,Sculpture,West China,Winter,1,100,2847.36,0,26-35,Low,4.2,399,2519.58,0.74
P1577,Folk Painting,South China,Summer,0,99,4572.34,1,36-50,Medium,2.2,49,104.32,0.29
P1578,Musical Instrument,North China,Spring,0,93,2890.87,1,50+,Low,2.7,356,4327.43,0.47
P1579,Sculpture,West China,Spring,0,93,1122.17,0,26-35,Medium,4.8,278,162.12,0.4
P1580,Textile,South China,Summer,1,97,1781.65,0,36-50,Low,1.1,78,134.35,0.38
P1581,Musical Instrument,South China,Winter,0,88,2696.24,1,50+,Low,3.4,161,3096.37,0.38
P1582,Textile,West China,Spring,0,106,859.0,1,18-25,Low,4.0,467,4870.25,0.65
P1583,Musical Instrument,West China,Summer,1,93,3101.35,0,26-35,High,4.0,196,4294.07,0.59
P1584,Folk Painting,South China,Spring,0,90,4996.31,0,36-50,Medium,3.9,439,1334.89,0.43
P1585,Sculpture,West China,Autumn,1,100,3297.42,1,36-50,High,3.9,361,1063.67,0.84
P1586,Musical Instrument,East China,Spring,0,108,1924.81,0,18-25,High,1.2,466,3167.95,0.35
P1587,Handicraft,West China,Winter,1,107,1725.56,0,18-25,High,3.1,250,4130.92,0.62
P1588,Handicraft,West China,Summer,0,96,4664.86,1,26-35,High,4.1,236,1874.19,0.49
P1589,Musical Instrument,West China,Winter,0,108,4370.42,0,26-35,Medium,1.4,437,2218.54,0.35
P1590,Musical Instrument,South China,Summer,0,110,2414.56,1,26-35,Medium,1.0,213,665.9,0.35
P1591,Musical Instrument,East China,Autumn,1,110,1831.73,1,36-50,High,4.3,276,848.85,0.85
P1592,Handicraft,North China,Summer,0,100,3581.27,0,36-50,Medium,3.8,127,2884.92,0.28
P1593,Handicraft,North China,Spring,0,81,1641.06,1,26-35,Medium,2.6,326,603.02,0.41
P1594,Musical Instrument,East China,Spring,0,101,685.08,0,36-50,Low,4.8,301,1090.03,0.44
P1595,Textile,East China,Autumn,0,94,1619.75,0,18-25,Medium,4.1,465,1249.92,0.47
P1596,Textile,East China,Summer,0,67,2228.05,0,50+,High,4.9,403,2275.23,0.4
P1597,Folk Painting,South China,Autumn,1,107,1351.52,0,36-50,Medium,4.7,471,323.5,0.83
P1598,Sculpture,North China,Spring,0,95,1162.39,1,26-35,High,2.9,231,2548.88,0.42
P1599,Textile,East China,Winter,0,98,130.09,1,36-50,Medium,4.0,394,4650.5,0.58
P1600,Handicraft,South China,Autumn,0,94,3191.13,1,18-25,High,3.7,72,219.87,0.37
P1601,Textile,North China,Winter,0,97,3110.8,0,26-35,Medium,4.2,405,3191.83,0.45
P1602,Folk Painting,West China,Winter,0,100,1021.32,1,50+,Medium,4.2,14,4195.63,0.38
P1603,Folk Painting,South China,Summer,0,113,4723.89,0,26-35,Medium,1.6,343,1631.06,0.32
P1604,Sculpture,North China,Autumn,0,90,2106.9,0,26-35,High,1.9,301,744.44,0.24
P1605,Textile,South China,Winter,0,113,224.85,0,26-35,Low,2.1,154,312.36,0.24
P1606,Handicraft,North China,Winter,1,86,1176.88,0,36-50,High,4.3,451,3255.12,0.73
P1607,Handicraft,North China,Summer,0,93,3491.13,0,50+,Medium,4.2,159,2805.95,0.3
P1608,Musical Instrument,West China,Summer,0,100,1087.94,0,18-25,High,3.0,168,1223.55,0.26
P1609,Handicraft,South China,Spring,1,98,364.17,0,36-50,Medium,3.3,419,4174.92,0.69
P1610,Sculpture,East China,Winter,1,106,3126.76,0,50+,Medium,4.3,278,3703.98,0.7
P1611,Sculpture,West China,Spring,0,109,2639.94,1,50+,Low,2.3,456,1454.5,0.55
P1612,Handicraft,West China,Winter,0,118,3830.2,1,36-50,Medium,1.2,460,3791.48,0.52
P1613,Handicraft,North China,Spring,1,92,3885.89,1,26-35,Medium,2.9,328,1300.47,0.74
P1614,Musical Instrument,East China,Summer,0,101,4803.68,0,50+,Medium,4.7,20,3408.81,0.28
P1615,Handicraft,South China,Autumn,0,119,379.39,1,18-25,Low,4.2,78,680.87,0.48
P1616,Musical Instrument,East China,Summer,0,95,291.05,1,36-50,High,2.5,201,3491.97,0.38
P1617,Musical Instrument,East China,Spring,0,112,4937.27,1,50+,Low,1.3,111,1269.99,0.31
P1618,Handicraft,East China,Spring,0,89,3259.75,0,18-25,High,3.5,461,2905.1,0.42
P1619,Folk Painting,East China,Autumn,1,100,3605.32,0,18-25,Medium,4.3,41,945.07,0.54
P1620,Folk Painting,East China,Winter,0,134,572.76,0,18-25,High,3.7,211,3657.24,0.43
P1621,Musical Instrument,North China,Spring,0,121,442.08,0,18-25,High,2.7,275,398.31,0.37
P1622,Handicraft,North China,Spring,0,106,885.24,0,36-50,High,1.5,117,910.55,0.17
P1623,Folk Painting,West China,Spring,0,113,2193.26,1,18-25,High,4.6,63,1002.27,0.47
P1624,Handicraft,North China,Autumn,1,98,639.86,1,36-50,Medium,2.1,448,302.58,0.78
P1625,Handicraft,West China,Summer,0,90,2287.04,0,18-25,Low,1.9,347,3750.56,0.27
P1626,Handicraft,West China,Spring,1,97,2851.53,0,18-25,High,4.3,199,4906.67,0.62
P1627,Textile,South China,Autumn,0,93,101.63,1,36-50,Medium,4.9,248,3914.15,0.53
P1628,Handicraft,East China,Spring,0,93,659.8,0,26-35,Medium,3.6,448,4317.1,0.43
P1629,Textile,North China,Winter,1,118,1938.46,0,50+,Medium,3.5,352,129.44,0.73
P1630,Musical Instrument,South China,Autumn,0,114,361.32,1,50+,Medium,2.3,347,677.56,0.51
P1631,Folk Painting,North China,Spring,0,115,754.29,0,36-50,High,1.1,300,2839.2,0.27
P1632,Folk Painting,West China,Autumn,1,86,1235.8,1,18-25,Low,1.8,332,4891.56,0.66
P1633,Folk Painting,North China,Spring,0,78,2205.05,1,36-50,Medium,3.3,330,3337.49,0.44
P1634,Folk Painting,East China,Summer,1,103,3602.7,1,18-25,Low,1.6,282,1933.27,0.68
P1635,Folk Painting,West China,Spring,1,102,750.17,0,36-50,Low,4.5,51,816.13,0.57
P1636,Folk Painting,West China,Autumn,0,94,3716.0,0,50+,Low,1.8,452,848.89,0.34
P1637,Folk Painting,South China,Winter,0,91,4289.8,0,36-50,Medium,3.1,207,1877.49,0.26
P1638,Musical Instrument,East China,Winter,0,120,3292.25,0,50+,Medium,3.0,386,3597.67,0.45
P1639,Handicraft,West China,Winter,0,107,314.26,0,50+,Medium,3.4,130,255.91,0.28
P1640,Sculpture,East China,Spring,1,93,2259.2,1,50+,Low,2.3,404,4275.67,0.76
P1641,Textile,North China,Summer,1,105,3334.32,1,36-50,Medium,4.5,343,4713.6,0.88
P1642,Sculpture,East China,Spring,0,97,4894.71,1,26-35,Medium,2.8,293,4455.2,0.45
P1643,Sculpture,West China,Winter,0,114,4763.86,0,36-50,Low,3.8,304,4573.83,0.43
P1644,Handicraft,South China,Autumn,0,96,2038.95,1,36-50,Medium,3.5,191,175.16,0.43
P1645,Handicraft,West China,Winter,0,116,3118.06,0,26-35,High,1.5,109,4891.18,0.19
P1646,Handicraft,East China,Autumn,1,79,4464.99,0,26-35,High,3.5,20,1895.15,0.42
P1647,Folk Painting,East China,Summer,0,85,4172.13,1,50+,High,3.2,380,4359.48,0.49
P1648,Musical Instrument,West China,Autumn,1,103,2449.17,0,18-25,High,4.6,242,1015.36,0.68
P1649,Folk Painting,East China,Spring,0,79,1380.08,0,18-25,Low,4.5,451,2287.98,0.44
P1650,Musical Instrument,North China,Spring,1,102,771.79,1,50+,Medium,1.6,126,316.41,0.59
P1651,Musical Instrument,West China,Spring,0,116,2491.1,0,36-50,High,1.3,433,296.37,0.36
P1652,Sculpture,South China,Autumn,0,107,3641.94,1,18-25,High,2.2,397,4722.05,0.51
P1653,Sculpture,West China,Spring,0,102,4851.87,0,36-50,Medium,4.9,73,4071.97,0.32
P1654,Musical Instrument,North China,Spring,1,94,4322.89,1,26-35,Low,1.1,185,2696.15,0.57
P1655,Musical Instrument,North China,Spring,0,94,1100.78,0,26-35,High,3.7,463,2674.75,0.45
P1656,Folk Painting,North China,Summer,0,101,3626.91,0,50+,Medium,3.4,495,3768.9,0.47
P1657,Folk Painting,North China,Autumn,0,92,1516.6,0,36-50,Medium,3.6,92,1774.18,0.23
P1658,Sculpture,North China,Autumn,0,103,3449.02,1,50+,High,1.9,424,3833.16,0.49
P1659,Handicraft,South China,Winter,0,109,3362.45,1,18-25,High,1.9,11,2476.54,0.28
P1660,Musical Instrument,East China,Autumn,1,103,1434.91,1,18-25,Medium,2.7,308,3225.8,0.75
P1661,Folk Painting,North China,Summer,0,113,1248.5,1,18-25,Medium,1.4,226,4827.66,0.38
P1662,Sculpture,North China,Autumn,0,102,609.3,1,36-50,High,1.3,251,2409.45,0.36
P1663,Folk Painting,West China,Summer,0,119,347.64,0,50+,High,1.4,306,2150.18,0.31
P1664,Musical Instrument,South China,Summer,0,101,4306.41,1,50+,High,3.3,69,4538.17,0.37
P1665,Musical Instrument,South China,Autumn,0,106,344.26,0,18-25,High,2.6,377,4522.64,0.37
P1666,Textile,East China,Winter,0,91,534.83,0,50+,Low,2.2,212,4962.85,0.21
P1667,Handicraft,South China,Spring,0,85,1270.37,0,26-35,Medium,2.3,439,2799.23,0.33
P1668,Textile,West China,Spring,0,100,4449.53,0,26-35,High,1.8,49,1786.88,0.13
P1669,Sculpture,West China,Autumn,1,90,1731.41,1,26-35,Medium,2.6,324,1277.91,0.72
P1670,Folk Painting,East China,Autumn,0,95,1039.82,0,26-35,High,1.8,54,267.07,0.11
P1671,Sculpture,West China,Summer,1,88,3606.22,1,50+,Low,3.8,307,3660.97,0.77
P1672,Musical Instrument,North China,Autumn,0,93,1663.44,1,26-35,Medium,1.5,128,1244.03,0.27
P1673,Textile,North China,Summer,0,101,1733.5,0,26-35,Low,4.8,414,3072.54,0.5
P1674,Textile,West China,Winter,0,107,3720.99,1,26-35,Medium,1.4,140,4591.3,0.32
P1675,Textile,East China,Autumn,0,95,1333.1,1,26-35,Low,4.8,459,4756.05,0.65
P1676,Sculpture,South China,Spring,1,91,4494.12,0,26-35,High,4.3,404,121.61,0.72
P1677,Musical Instrument,East China,Spring,1,100,2850.97,1,36-50,High,3.7,289,1653.67,0.79
P1678,Folk Painting,South China,Autumn,0,92,2735.38,0,36-50,Low,4.6,59,4203.15,0.26
P1679,Folk Painting,West China,Summer,0,107,1397.29,0,26-35,High,1.6,97,2728.58,0.16
P1680,Sculpture,West China,Spring,0,118,4191.96,0,26-35,Low,1.7,30,4056.79,0.17
P1681,Textile,North China,Summer,0,103,2906.47,0,50+,Low,2.0,418,4281.28,0.35
P1682,Handicraft,South China,Autumn,0,104,862.03,0,26-35,Medium,2.0,397,2268.87,0.35
P1683,Sculpture,East China,Autumn,1,114,1110.86,0,18-25,Low,2.2,241,1859.02,0.58
P1684,Sculpture,West China,Spring,1,106,2394.45,0,36-50,Medium,3.3,390,2331.62,0.7
P1685,Musical Instrument,East China,Autumn,1,101,3920.24,1,26-35,Low,1.1,52,3298.7,0.51
P1686,Folk Painting,North China,Winter,1,93,4702.55,1,36-50,Medium,2.5,440,1899.08,0.79
P1687,Sculpture,South China,Winter,0,100,3351.14,0,26-35,Medium,2.0,32,3897.44,0.13
P1688,Sculpture,South China,Spring,0,98,2580.1,0,18-25,High,3.4,453,4529.56,0.44
P1689,Textile,West China,Winter,0,99,1328.59,0,26-35,Medium,4.9,225,1483.32,0.4
P1690,Textile,South China,Summer,0,110,3397.05,1,36-50,Medium,3.1,286,4828.45,0.5
P1691,Handicraft,West China,Spring,0,97,4912.97,0,36-50,Low,2.7,203,3151.35,0.25
P1692,Musical Instrument,North China,Spring,1,82,2433.49,0,36-50,Medium,2.5,224,4403.03,0.49
P1693,Handicraft,South China,Summer,1,98,894.5,0,50+,High,4.1,188,609.19,0.61
P1694,Textile,West China,Winter,1,108,606.37,1,36-50,Low,1.3,152,1332.35,0.6
P1695,Folk Painting,East China,Winter,1,100,1419.36,0,26-35,Medium,4.8,323,1672.99,0.73
P1696,Textile,West China,Winter,1,94,2890.27,0,18-25,Low,2.7,35,1583.83,0.43
P1697,Musical Instrument,South China,Spring,0,91,4739.35,1,18-25,Low,2.3,227,942.12,0.37
P1698,Textile,North China,Spring,1,91,1565.91,1,26-35,Low,4.9,485,4354.18,0.94
P1699,Musical Instrument,South China,Winter,0,115,1596.42,1,50+,Low,4.7,68,2151.2,0.49
P1700,Musical Instrument,South China,Autumn,0,88,2457.78,0,26-35,Low,3.6,355,4819.34,0.36
P1701,Musical Instrument,West China,Winter,1,97,4600.86,1,36-50,Medium,1.1,54,2959.01,0.5
P1702,Musical Instrument,East China,Summer,1,100,2153.37,0,50+,Low,4.0,459,778.13,0.76
P1703,Musical Instrument,South China,Spring,0,91,1193.82,0,26-35,Low,2.3,428,2774.93,0.34
P1704,Folk Painting,East China,Summer,0,104,899.34,0,50+,High,2.6,233,4968.37,0.29
P1705,Handicraft,West China,Summer,0,118,2339.38,0,18-25,High,1.6,359,2869.34,0.35
P1706,Sculpture,East China,Spring,0,92,4023.32,0,26-35,Low,3.1,265,109.16,0.3
P1707,Handicraft,West China,Autumn,1,87,1527.63,0,26-35,Medium,4.0,119,4672.09,0.53
P1708,Musical Instrument,North China,Winter,0,87,2611.36,0,18-25,High,2.1,329,1250.98,0.26
P1709,Folk Painting,East China,Summer,0,88,3054.74,0,50+,High,4.8,349,3473.79,0.43
P1710,Textile,East China,Spring,0,109,2307.31,1,18-25,Low,1.8,259,2623.89,0.41
P1711,Folk Painting,North China,Summer,0,105,1039.28,0,50+,Medium,1.3,86,1694.63,0.13
P1712,Musical Instrument,East China,Winter,0,104,4616.55,1,26-35,Medium,3.6,292,1484.93,0.52
P1713,Folk Painting,North China,Autumn,1,98,2870.7,0,50+,High,4.4,96,4650.92,0.57
P1714,Folk Painting,South China,Autumn,0,87,3672.76,0,50+,High,4.8,259,4568.44,0.37
P1715,Musical Instrument,West China,Autumn,0,102,3216.61,0,36-50,High,4.1,217,2614.36,0.36
P1716,Folk Painting,North China,Spring,0,108,4990.44,1,36-50,High,1.8,168,1366.63,0.36
P1717,Sculpture,East China,Spring,0,82,2335.92,1,36-50,High,4.9,21,601.48,0.37
P1718,Sculpture,North China,Autumn,1,100,2182.36,1,18-25,Low,4.7,234,867.22,0.82
P1719,Folk Painting,East China,Winter,0,88,1864.69,0,18-25,Low,1.7,367,2659.03,0.26
P1720,Textile,South China,Winter,1,93,1871.98,0,36-50,Low,3.2,310,1608.37,0.61
P1721,Musical Instrument,North China,Spring,0,100,1451.27,1,26-35,High,3.2,393,306.13,0.54
P1722,Sculpture,South China,Autumn,0,106,4905.09,1,26-35,Low,2.8,41,2330.32,0.34
P1723,Textile,West China,Winter,0,101,4366.83,1,26-35,High,4.9,63,3756.33,0.45
P1724,Folk Painting,East China,Winter,0,92,1651.7,0,18-25,Medium,1.2,459,4469.31,0.3
P1725,Textile,East China,Winter,1,93,1595.62,1,50+,Medium,3.5,251,2967.89,0.74
P1726,Handicraft,South China,Spring,0,85,607.32,0,18-25,Low,1.8,378,3644.13,0.27
P1727,Sculpture,West China,Autumn,0,91,4397.45,0,36-50,Medium,3.1,124,1883.95,0.21
P1728,Folk Painting,North China,Summer,0,91,1921.65,0,50+,Medium,4.1,480,2531.57,0.47
P1729,Musical Instrument,North China,Autumn,0,94,2905.82,1,26-35,Medium,2.0,297,3675.17,0.4
P1730,Folk Painting,East China,Autumn,1,98,4511.85,1,18-25,Low,2.6,408,3665.53,0.79
P1731,Musical Instrument,South China,Spring,0,108,2099.69,0,18-25,Medium,4.8,113,2180.18,0.36
P1732,Folk Painting,South China,Winter,0,103,4053.65,0,36-50,Low,4.0,320,2763.97,0.41
P1733,Textile,North China,Winter,1,93,2208.4,0,26-35,High,3.3,306,4626.89,0.62
P1734,Textile,West China,Spring,0,112,3534.61,0,18-25,High,1.9,136,3196.79,0.22
P1735,Textile,West China,Spring,0,97,2212.8,0,18-25,Low,2.7,49,3248.62,0.17
P1736,Handicraft,North China,Spring,0,94,2024.52,0,50+,Low,4.1,81,3944.64,0.26
P1737,Musical Instrument,North China,Spring,1,101,4954.48,1,18-25,Medium,4.3,244,664.59,0.8
P1738,Textile,South China,Spring,1,116,3100.51,0,50+,High,2.0,379,2662.13,0.65
P1739,Handicraft,West China,Summer,0,98,1900.22,0,18-25,Medium,3.6,442,4801.22,0.44
P1740,Musical Instrument,North China,Autumn,0,94,1363.32,1,26-35,High,1.4,479,1872.14,0.47
P1741,Folk Painting,North China,Autumn,1,86,294.86,0,36-50,Medium,1.1,256,1545.14,0.44
P1742,Handicraft,East China,Autumn,0,97,3562.18,1,26-35,Medium,3.2,303,3045.92,0.48
P1743,Sculpture,North China,Winter,0,121,1923.57,0,36-50,High,1.9,256,1183.49,0.31
P1744,Handicraft,North China,Summer,0,80,4124.15,1,18-25,Medium,1.3,321,2824.13,0.33
P1745,Handicraft,West China,Autumn,1,88,1882.96,0,26-35,High,3.9,43,862.69,0.49
P1746,Musical Instrument,South China,Winter,0,114,1929.31,1,50+,Low,3.0,138,2940.99,0.43
P1747,Folk Painting,West China,Summer,0,110,3917.99,0,36-50,Medium,4.2,19,3051.66,0.28
P1748,Sculpture,South China,Summer,0,102,2498.39,1,36-50,High,3.7,177,2150.16,0.45
P1749,Textile,East China,Winter,0,98,4435.98,0,18-25,High,3.9,281,1975.46,0.37
P1750,Textile,North China,Summer,1,85,2991.67,0,36-50,Medium,2.2,225,1302.75,0.48
P1751,Handicraft,East China,Winter,0,91,1279.16,0,36-50,High,2.1,439,1721.52,0.34
P1752,Musical Instrument,South China,Autumn,0,96,2884.53,1,36-50,Medium,3.4,417,2541.9,0.55
P1753,Musical Instrument,West China,Winter,0,107,119.61,1,18-25,Medium,1.8,249,1313.53,0.4
P1754,Textile,West China,Summer,0,87,1630.75,0,26-35,Low,4.3,23,3935.89,0.21
P1755,Sculpture,East China,Autumn,1,109,1118.97,0,18-25,Low,3.1,99,3574.27,0.54
P1756,Folk Painting,South China,Autumn,0,97,3305.52,0,50+,Low,1.9,432,1419.6,0.34
P1757,Sculpture,East China,Spring,1,89,766.59,0,36-50,Medium,3.5,27,577.43,0.46
P1758,Folk Painting,East China,Spring,0,93,1521.48,0,36-50,Medium,4.8,349,100.88,0.44
P1759,Textile,North China,Summer,0,100,1723.41,1,26-35,High,1.3,178,3023.92,0.31
P1760,Folk Painting,East China,Winter,0,111,116.14,1,36-50,Low,1.4,65,1135.68,0.29
P1761,Musical Instrument,North China,Winter,0,95,329.16,1,26-35,Low,4.4,173,161.65,0.47
P1762,Handicraft,North China,Summer,0,76,1624.52,0,36-50,High,1.4,161,1859.52,0.09
P1763,Handicraft,West China,Autumn,1,102,1189.55,1,36-50,Low,1.2,99,4813.79,0.55
P1764,Textile,North China,Summer,0,105,672.84,0,18-25,Low,2.4,294,3480.72,0.31
P1765,Musical Instrument,North China,Summer,0,91,855.39,0,18-25,Low,2.9,31,4303.04,0.15
P1766,Sculpture,West China,Autumn,1,116,4194.13,0,50+,High,3.3,276,809.22,0.67
P1767,Musical Instrument,East China,Winter,1,93,3448.27,0,26-35,Low,3.0,306,459.11,0.6
P1768,Handicraft,South China,Summer,0,87,2472.18,1,50+,Medium,4.7,442,156.5,0.61
P1769,Handicraft,South China,Winter,0,105,4553.49,0,18-25,Low,4.1,255,4782.75,0.39
P1770,Musical Instrument,South China,Summer,0,106,244.81,1,26-35,Medium,4.9,148,1570.99,0.52
P1771,Musical Instrument,East China,Autumn,1,99,1790.18,1,18-25,Low,2.9,61,2351.57,0.61
P1772,Handicraft,North China,Autumn,1,92,4134.58,0,26-35,Medium,1.3,76,2033.17,0.37
P1773,Sculpture,South China,Spring,1,108,3178.62,0,36-50,Low,4.8,94,3679.24,0.63
P1774,Textile,East China,Autumn,1,96,4910.27,0,50+,Medium,1.0,259,1618.83,0.47
P1775,Textile,North China,Spring,0,97,4728.12,0,50+,Medium,4.1,340,2723.72,0.41
P1776,Musical Instrument,West China,Summer,1,84,932.72,1,26-35,Low,1.1,401,4978.35,0.66
P1777,Textile,South China,Winter,0,107,4862.74,1,50+,High,4.0,424,2275.91,0.62
P1778,Handicraft,North China,Autumn,0,99,4733.12,0,18-25,Low,4.8,132,2801.23,0.34
P1779,Handicraft,South China,Autumn,0,100,1930.69,1,50+,High,2.6,211,2562.39,0.4
P1780,Musical Instrument,South China,Autumn,1,102,4916.11,0,26-35,High,2.0,15,4035.61,0.41
P1781,Musical Instrument,South China,Summer,1,77,275.64,0,50+,High,1.9,346,1407.51,0.51
P1782,Musical Instrument,North China,Spring,0,101,3337.68,0,50+,High,3.0,495,935.15,0.45
P1783,Sculpture,East China,Summer,1,95,1404.12,0,18-25,High,1.7,208,3795.06,0.48
P1784,Textile,North China,Winter,1,119,734.37,0,36-50,High,3.7,233,2136.53,0.68
P1785,Musical Instrument,South China,Summer,0,85,2929.92,0,18-25,Low,2.5,22,4577.26,0.1
P1786,Folk Painting,North China,Winter,0,108,1601.12,0,50+,Medium,2.3,15,3256.38,0.16
P1787,Folk Painting,West China,Autumn,1,97,3367.44,0,50+,Medium,2.8,460,2865.28,0.69
P1788,Handicraft,East China,Winter,0,107,2745.91,0,36-50,Low,3.2,420,445.24,0.44
P1789,Textile,North China,Winter,0,107,2023.69,0,36-50,Low,1.6,130,3679.02,0.18
P1790,Musical Instrument,West China,Spring,1,104,990.93,0,18-25,Low,3.8,54,3461.6,0.54
P1791,Folk Painting,East China,Winter,1,106,3046.13,0,36-50,High,4.5,371,3236.35,0.76
P1792,Textile,West China,Winter,0,113,4163.23,1,18-25,High,2.1,35,1412.76,0.32
P1793,Handicraft,East China,Summer,1,103,3040.02,0,26-35,Medium,1.7,13,4739.02,0.39
P1794,Sculpture,North China,Autumn,0,117,3091.56,0,50+,Low,4.0,302,1676.11,0.45
P1795,Textile,West China,Summer,0,96,2608.0,1,36-50,Medium,1.7,286,845.93,0.38
P1796,Textile,South China,Summer,0,107,2002.38,0,26-35,Medium,1.2,293,4937.29,0.25
P1797,Sculpture,West China,Autumn,0,125,2341.54,1,26-35,High,3.5,219,3756.61,0.54
P1798,Textile,East China,Autumn,1,90,4948.75,0,18-25,High,2.0,297,2132.46,0.53
P1799,Handicraft,North China,Winter,0,106,3773.38,0,18-25,Medium,1.7,368,4685.99,0.32
P1800,Handicraft,East China,Winter,0,86,2209.74,0,36-50,High,4.9,190,546.48,0.34
P1801,Sculpture,West China,Spring,0,107,2340.75,0,18-25,High,2.2,262,529.54,0.29
P1802,Musical Instrument,West China,Summer,1,96,2548.2,1,26-35,High,4.6,426,3444.01,0.91
P1803,Folk Painting,South China,Autumn,0,96,3330.64,0,26-35,Medium,1.7,291,972.06,0.24
P1804,Musical Instrument,North China,Winter,0,98,2383.2,1,50+,Medium,4.3,154,4593.98,0.46
P1805,Textile,North China,Autumn,0,104,3462.28,0,26-35,Medium,3.0,449,4217.76,0.43
P1806,Folk Painting,West China,Winter,1,105,1713.02,1,36-50,Low,1.3,125,1601.2,0.58
P1807,Sculpture,North China,Spring,0,115,2112.13,0,50+,Medium,3.9,358,4455.31,0.46
P1808,Sculpture,South China,Spring,0,107,4333.86,0,18-25,High,4.6,477,310.15,0.55
P1809,Folk Painting,East China,Autumn,0,104,1711.64,0,50+,Medium,1.7,39,2788.33,0.13
P1810,Handicraft,North China,Spring,1,103,4825.74,0,26-35,Low,3.9,386,4684.26,0.73
P1811,Folk Painting,West China,Autumn,0,108,945.27,1,36-50,High,2.8,251,4291.38,0.46
P1812,Textile,East China,Winter,0,97,1284.23,0,18-25,Medium,4.0,14,1844.76,0.22
P1813,Handicraft,East China,Summer,0,111,2372.03,1,18-25,Medium,3.9,383,996.07,0.61
P1814,Sculpture,South China,Spring,0,106,4007.3,0,26-35,High,1.1,271,1131.65,0.23
P1815,Folk Painting,West China,Winter,1,111,3684.72,1,36-50,Medium,1.7,115,2621.09,0.61
P1816,Musical Instrument,North China,Summer,0,105,954.88,0,26-35,Low,2.9,133,3024.19,0.25
P1817,Musical Instrument,West China,Summer,1,93,1259.76,1,26-35,High,4.7,455,260.79,0.92
P1818,Textile,East China,Summer,1,96,2918.79,0,36-50,Medium,2.4,403,2126.4,0.63
P1819,Musical Instrument,West China,Winter,0,101,1546.31,1,26-35,High,3.5,335,4168.9,0.53
P1820,Folk Painting,North China,Winter,1,93,2169.39,1,36-50,Medium,1.0,147,2277.21,0.54
P1821,Folk Painting,North China,Autumn,1,100,2484.31,1,36-50,Medium,3.8,115,928.96,0.7
P1822,Musical Instrument,South China,Summer,1,103,3011.81,0,26-35,High,3.4,222,4778.82,0.6
P1823,Folk Painting,North China,Summer,0,82,1330.15,0,26-35,Medium,3.9,309,1404.75,0.34
P1824,Textile,North China,Summer,0,123,899.39,0,50+,Medium,4.6,65,4012.3,0.36
P1825,Handicraft,West China,Autumn,0,119,2052.96,1,18-25,High,1.6,141,1049.59,0.37
P1826,Textile,West China,Summer,1,106,501.93,1,18-25,Medium,2.0,278,2173.55,0.71
P1827,Textile,East China,Winter,0,85,2681.15,0,36-50,Medium,5.0,131,2503.07,0.31
P1828,Folk Painting,South China,Summer,0,102,4214.07,0,50+,High,1.6,211,2553.11,0.21
P1829,Handicraft,West China,Spring,0,98,682.98,1,36-50,Low,3.9,217,2630.72,0.47
P1830,Folk Painting,North China,Winter,0,102,652.38,0,50+,Low,3.9,284,1202.24,0.38
P1831,Sculpture,East China,Autumn,0,103,493.07,0,36-50,Low,3.7,463,2627.99,0.48
P1832,Folk Painting,West China,Summer,0,100,4254.52,1,18-25,Low,1.9,99,2460.39,0.3
P1833,Folk Painting,South China,Spring,0,89,495.45,1,50+,Low,1.9,199,1122.73,0.32
P1834,Folk Painting,South China,Autumn,1,103,4918.96,1,26-35,Low,3.7,274,4942.14,0.79
P1835,Handicraft,East China,Autumn,0,100,1855.82,0,26-35,High,1.7,55,4341.26,0.12
P1836,Folk Painting,East China,Winter,1,90,1710.93,0,18-25,High,3.6,321,4449.12,0.63
P1837,Handicraft,East China,Autumn,0,98,549.0,1,50+,High,3.0,339,3459.3,0.49
P1838,Musical Instrument,East China,Autumn,0,113,2969.64,0,26-35,Medium,2.5,49,883.5,0.21
P1839,Sculpture,East China,Autumn,1,98,2970.82,0,26-35,Low,2.2,76,2883.65,0.44
P1840,Handicraft,North China,Autumn,1,111,2519.65,1,26-35,Low,4.8,122,4125.05,0.79
P1841,Musical Instrument,North China,Summer,0,85,1624.0,1,18-25,High,3.0,348,289.81,0.46
P1842,Handicraft,West China,Summer,1,86,1906.05,0,36-50,Medium,3.2,71,2529.63,0.46
P1843,Handicraft,South China,Summer,1,105,1670.47,0,26-35,Medium,4.8,236,2041.0,0.7
P1844,Sculpture,North China,Summer,1,93,2188.12,0,26-35,High,3.6,183,1139.41,0.56
P1845,Textile,North China,Spring,0,101,1774.76,0,36-50,Low,4.8,143,1953.43,0.35
P1846,Textile,North China,Summer,0,99,3410.03,0,26-35,Medium,1.4,294,4919.14,0.24
P1847,Handicraft,West China,Autumn,0,88,1549.35,0,50+,Low,4.4,284,3643.89,0.37
P1848,Folk Painting,East China,Summer,0,88,1819.11,0,26-35,Medium,2.3,123,1567.73,0.16
P1849,Musical Instrument,West China,Summer,0,98,2233.75,1,36-50,Low,4.2,117,3066.24,0.43
P1850,Folk Painting,South China,Winter,1,115,119.41,0,18-25,Medium,4.4,152,1308.62,0.66
P1851,Folk Painting,South China,Autumn,0,90,2511.2,0,18-25,Low,2.1,66,3093.14,0.12
P1852,Handicraft,South China,Summer,0,92,1353.52,1,50+,Low,2.6,303,4491.22,0.43
P1853,Handicraft,South China,Summer,0,93,375.14,0,26-35,Low,3.9,286,2828.7,0.36
P1854,Handicraft,North China,Summer,1,103,4564.0,1,26-35,High,1.4,60,3693.37,0.54
P1855,Handicraft,North China,Spring,0,110,1679.85,1,36-50,Low,4.0,432,2321.36,0.64
P1856,Textile,West China,Summer,1,95,2187.82,1,36-50,Low,1.4,480,2668.21,0.75
P1857,Handicraft,East China,Winter,0,104,4153.98,0,50+,Medium,4.7,285,3505.87,0.43
P1858,Textile,South China,Autumn,1,104,917.27,0,50+,Medium,2.1,243,4080.78,0.55
P1859,Textile,West China,Autumn,1,92,4266.51,0,26-35,High,3.3,251,3331.31,0.58
P1860,Handicraft,North China,Summer,0,102,1284.03,1,26-35,Medium,1.5,267,4889.71,0.38
P1861,Sculpture,North China,Summer,1,89,2986.29,0,50+,Low,2.1,246,4117.13,0.5
P1862,Musical Instrument,East China,Summer,0,110,3459.82,0,18-25,High,2.6,41,3908.09,0.2
P1863,Folk Painting,East China,Autumn,0,94,4534.57,1,18-25,High,2.9,376,4241.0,0.49
P1864,Textile,East China,Autumn,0,99,3077.43,0,18-25,High,1.0,357,1477.93,0.25
P1865,Musical Instrument,West China,Spring,0,98,2320.84,1,18-25,Low,4.6,257,2217.03,0.54
P1866,Sculpture,North China,Winter,1,96,2904.12,1,50+,Low,1.0,141,2865.87,0.54
P1867,Folk Painting,North China,Spring,0,88,1090.2,1,36-50,Medium,4.1,272,2365.69,0.49
P1868,Folk Painting,East China,Winter,0,107,3476.46,0,18-25,Medium,2.9,268,4252.54,0.33
P1869,Textile,South China,Spring,0,94,1015.72,0,50+,Medium,3.1,290,232.64,0.32
P1870,Handicraft,East China,Autumn,0,90,2830.51,0,18-25,High,1.8,377,1124.96,0.28
P1871,Sculpture,West China,Spring,0,100,3273.26,0,26-35,Low,3.4,259,4420.36,0.33
P1872,Textile,East China,Winter,1,82,4503.06,1,18-25,Medium,3.1,274,389.59,0.69
P1873,Sculpture,East China,Summer,0,89,2305.93,1,50+,Low,1.7,224,1212.24,0.33
P1874,Handicraft,West China,Winter,0,87,3899.13,1,26-35,High,2.0,224,1821.13,0.34
P1875,Handicraft,East China,Summer,0,100,920.9,0,26-35,Low,1.3,291,3778.63,0.23
P1876,Textile,North China,Autumn,0,99,865.36,1,18-25,Low,1.3,497,2844.89,0.49
P1877,Handicraft,South China,Winter,0,100,2671.51,0,18-25,High,1.1,329,4777.56,0.24
P1878,Musical Instrument,East China,Spring,1,101,3022.07,0,26-35,Medium,1.9,27,1216.59,0.4
P1879,Folk Painting,West China,Winter,0,92,3198.47,1,36-50,Low,3.7,481,4373.39,0.59
P1880,Textile,South China,Summer,0,86,3753.8,0,50+,Low,2.3,356,1486.28,0.28
P1881,Sculpture,West China,Autumn,0,88,1545.16,1,50+,High,2.4,11,1302.94,0.24
P1882,Musical Instrument,South China,Spring,0,107,3150.78,0,50+,Low,1.5,10,2542.04,0.11
P1883,Textile,South China,Winter,1,91,1021.88,0,50+,Low,3.3,313,448.9,0.61
P1884,Handicraft,East China,Summer,0,101,1173.09,0,50+,Low,2.4,473,1983.1,0.4
P1885,Handicraft,North China,Spring,0,99,429.81,1,26-35,High,3.7,456,1842.81,0.6
P1886,Handicraft,East China,Autumn,1,85,3760.3,0,50+,Low,4.0,372,884.5,0.67
P1887,Handicraft,West China,Spring,0,95,2584.27,1,36-50,High,3.3,225,4317.89,0.44
P1888,Sculpture,West China,Autumn,0,111,1267.11,1,36-50,Medium,2.1,173,1990.86,0.39
P1889,Musical Instrument,South China,Spring,0,105,2825.56,0,18-25,Low,3.0,200,4911.41,0.29
P1890,Folk Painting,South China,Winter,0,105,1835.78,1,18-25,High,2.0,84,4508.57,0.31
P1891,Sculpture,North China,Summer,1,105,4202.33,1,18-25,High,4.6,35,1054.57,0.71
P1892,Sculpture,East China,Winter,0,95,2687.92,1,18-25,Low,4.1,271,2575.1,0.51
P1893,Folk Painting,West China,Winter,1,87,246.07,1,26-35,High,3.0,291,3048.84,0.71
P1894,Folk Painting,South China,Autumn,0,91,4926.97,0,36-50,Medium,4.9,230,4112.91,0.38
P1895,Handicraft,North China,Autumn,1,101,464.06,0,26-35,Medium,3.2,52,4439.65,0.49
P1896,Sculpture,West China,Autumn,0,96,3510.2,1,36-50,Medium,2.3,131,3157.69,0.33
P1897,Textile,South China,Winter,0,108,2242.55,0,26-35,Medium,1.4,138,272.16,0.18
P1898,Folk Painting,West China,Spring,0,92,1321.66,1,36-50,High,3.2,274,2458.25,0.45
P1899,Folk Painting,North China,Spring,0,113,3414.65,0,18-25,High,4.4,292,4435.54,0.45
P1900,Musical Instrument,North China,Winter,0,87,716.9,0,36-50,Medium,4.5,80,3599.04,0.26
P1901,Textile,West China,Winter,1,99,4305.41,0,18-25,Medium,3.4,382,4363.7,0.68
P1902,Textile,East China,Summer,1,84,1328.0,0,36-50,Medium,2.6,383,3402.99,0.59
P1903,Folk Painting,West China,Autumn,0,103,1871.12,0,26-35,Medium,3.6,268,315.77,0.36
P1904,Handicraft,South China,Autumn,0,101,3199.95,1,50+,Medium,4.0,454,4843.23,0.62
P1905,Musical Instrument,East China,Winter,1,88,105.04,0,36-50,High,2.6,210,4598.29,0.51
P1906,Textile,South China,Winter,0,96,2416.47,0,26-35,Medium,2.9,139,720.24,0.23
P1907,Folk Painting,West China,Spring,1,93,4481.82,0,50+,Medium,3.7,389,652.19,0.68
P1908,Textile,East China,Winter,0,106,3434.04,0,26-35,Low,4.5,339,2741.48,0.46
P1909,Musical Instrument,South China,Spring,0,125,2000.71,0,50+,High,4.2,90,3809.55,0.36
P1910,Musical Instrument,West China,Winter,0,101,3336.08,1,18-25,Medium,1.1,263,1972.65,0.35
P1911,Sculpture,West China,Summer,0,102,4689.19,1,36-50,High,1.5,424,768.27,0.47
P1912,Folk Painting,East China,Summer,0,112,1020.25,1,26-35,Low,4.4,74,2601.72,0.46
P1913,Musical Instrument,West China,Spring,1,97,2705.86,0,36-50,Low,4.3,387,1754.07,0.73
P1914,Sculpture,North China,Autumn,1,113,1250.21,0,18-25,Medium,2.6,155,1823.68,0.55
P1915,Sculpture,South China,Summer,0,106,4285.7,1,18-25,Medium,3.3,143,3260.43,0.42
P1916,Textile,South China,Spring,0,106,3633.15,0,36-50,Medium,4.6,111,4439.48,0.34
P1917,Textile,West China,Winter,0,102,4025.27,0,26-35,Medium,4.6,498,2837.1,0.54
P1918,Sculpture,West China,Winter,1,94,4720.76,1,26-35,Low,4.1,51,3469.25,0.66
P1919,Textile,North China,Spring,0,108,1238.31,1,26-35,High,1.8,376,3333.74,0.48
P1920,Musical Instrument,East China,Autumn,0,88,338.72,0,36-50,Medium,3.9,205,2800.62,0.3
P1921,Handicraft,West China,Spring,0,114,1525.43,0,26-35,High,1.4,369,1622.71,0.33
P1922,Musical Instrument,West China,Spring,0,114,2055.78,0,26-35,Medium,4.6,269,1951.19,0.45
P1923,Sculpture,West China,Summer,1,84,3163.28,0,50+,Medium,1.6,108,1646.95,0.38
P1924,Sculpture,West China,Spring,0,105,4008.75,0,26-35,Low,3.6,397,4595.74,0.44
P1925,Musical Instrument,South China,Spring,0,100,1814.04,0,18-25,Medium,3.4,74,4150.43,0.23
P1926,Textile,West China,Winter,0,114,2420.14,0,26-35,Medium,4.1,306,2938.8,0.44
P1927,Textile,South China,Summer,0,101,3948.79,1,36-50,Medium,3.2,436,4569.99,0.57
P1928,Sculpture,West China,Winter,0,94,1204.11,1,36-50,Low,1.2,232,4443.4,0.32
P1929,Folk Painting,East China,Winter,0,110,1163.95,1,26-35,High,3.8,254,4645.7,0.53
P1930,Textile,North China,Autumn,0,111,2987.24,0,36-50,Low,2.5,192,1186.69,0.28
P1931,Musical Instrument,East China,Autumn,0,86,2236.68,0,36-50,Medium,2.3,412,3615.76,0.32
P1932,Textile,West China,Summer,0,101,4749.59,0,26-35,Medium,5.0,158,3085.2,0.37
P1933,Musical Instrument,West China,Summer,0,91,1849.45,0,50+,Medium,3.4,451,3695.77,0.42
P1934,Sculpture,West China,Autumn,1,111,3821.82,1,50+,High,3.8,423,1390.56,0.91
P1935,Textile,East China,Autumn,0,99,2957.15,1,50+,High,3.1,125,3504.56,0.38
P1936,Musical Instrument,West China,Autumn,0,97,367.42,0,50+,Medium,4.1,400,2108.16,0.44
P1937,Sculpture,East China,Autumn,0,110,513.49,0,18-25,Medium,4.0,462,4187.05,0.51
P1938,Folk Painting,South China,Autumn,0,106,1095.47,0,26-35,High,3.6,329,3997.29,0.4
P1939,Musical Instrument,North China,Winter,0,101,801.45,0,36-50,Low,5.0,267,1135.65,0.43
P1940,Folk Painting,North China,Summer,1,92,1713.92,0,36-50,Low,2.8,380,1000.89,0.63
P1941,Folk Painting,East China,Winter,0,122,2937.05,0,26-35,High,3.8,460,3616.89,0.54
P1942,Handicraft,South China,Winter,0,87,3051.58,0,36-50,High,4.2,393,2797.33,0.42
P1943,Textile,East China,Spring,1,107,2980.06,0,18-25,Medium,2.5,88,2830.31,0.49
P1944,Musical Instrument,South China,Winter,0,96,676.28,1,50+,High,2.8,240,3787.33,0.42
P1945,Folk Painting,West China,Autumn,1,106,3041.1,0,26-35,High,4.9,366,4289.36,0.78
P1946,Handicraft,South China,Autumn,0,74,2107.76,1,36-50,Medium,1.1,128,1270.92,0.19
P1947,Sculpture,South China,Spring,1,96,4524.96,0,18-25,High,2.3,83,2822.14,0.44
P1948,Musical Instrument,South China,Spring,1,82,4568.72,1,36-50,Medium,2.9,18,4161.88,0.54
P1949,Folk Painting,North China,Spring,1,101,3864.05,0,18-25,Low,1.0,288,4376.69,0.5
P1950,Textile,South China,Spring,1,109,3545.23,0,36-50,Low,4.6,279,1508.31,0.72
P1951,Handicraft,West China,Spring,1,98,663.27,0,50+,Low,2.1,63,610.35,0.43
P1952,Folk Painting,West China,Winter,1,98,515.0,0,26-35,Medium,2.0,389,1240.83,0.6
P1953,Textile,West China,Spring,0,100,4220.09,0,50+,Low,4.3,54,4732.95,0.27
P1954,Folk Painting,South China,Winter,0,110,2192.38,0,50+,Low,2.1,234,2366.15,0.28
P1955,Musical Instrument,East China,Summer,0,114,2311.68,1,36-50,Medium,3.6,25,2151.01,0.4
P1956,Musical Instrument,East China,Spring,1,110,4254.19,0,50+,Medium,4.3,221,164.11,0.68
P1957,Musical Instrument,West China,Spring,1,101,3145.01,0,26-35,Low,4.2,209,349.97,0.64
P1958,Handicraft,North China,Winter,1,119,979.1,0,18-25,Low,4.1,250,3376.61,0.71
P1959,Musical Instrument,East China,Summer,1,96,1133.96,0,18-25,Low,1.4,111,2990.15,0.41
P1960,Textile,South China,Winter,0,113,131.25,1,36-50,High,1.3,491,2920.09,0.53
P1961,Folk Painting,East China,Winter,0,112,3582.28,1,26-35,Medium,2.2,104,640.58,0.36
P1962,Sculpture,West China,Spring,0,103,2479.5,0,26-35,Medium,1.1,374,1825.1,0.28
P1963,Textile,North China,Autumn,0,105,4754.82,0,18-25,Medium,3.0,194,4080.55,0.29
P1964,Textile,East China,Autumn,0,98,3598.66,1,18-25,Medium,2.6,145,957.06,0.36
P1965,Musical Instrument,East China,Winter,1,110,605.45,0,50+,Low,3.2,34,4425.17,0.51
P1966,Handicraft,West China,Spring,1,99,891.55,1,36-50,Medium,2.2,434,695.24,0.78
P1967,Folk Painting,North China,Summer,0,100,2558.45,1,18-25,High,2.9,327,928.83,0.49
P1968,Handicraft,North China,Autumn,0,110,4631.88,1,18-25,High,2.3,342,2440.97,0.49
P1969,Folk Painting,West China,Summer,0,105,1311.53,0,26-35,Low,1.8,411,4731.97,0.35
P1970,Folk Painting,South China,Autumn,0,107,4145.34,1,26-35,Low,3.6,59,1714.78,0.4
P1971,Handicraft,East China,Spring,0,112,1630.13,1,26-35,Medium,3.7,178,3325.27,0.48
P1972,Textile,South China,Winter,0,108,1422.5,1,18-25,Low,4.3,299,2984.49,0.57
P1973,Folk Painting,East China,Summer,0,84,4516.82,0,36-50,Low,4.5,109,833.15,0.26
P1974,Handicraft,East China,Summer,0,110,331.48,1,50+,Low,3.8,379,1316.02,0.6
P1975,Folk Painting,South China,Winter,1,102,3337.63,1,36-50,High,3.7,90,4657.75,0.68
P1976,Sculpture,West China,Summer,0,111,311.52,1,18-25,Medium,1.2,21,1005.67,0.25
P1977,Textile,West China,Autumn,0,101,4023.74,0,50+,Low,1.4,217,3505.55,0.2
P1978,Musical Instrument,East China,Winter,0,89,4164.08,1,36-50,Medium,4.3,86,4827.0,0.39
P1979,Folk Painting,West China,Autumn,0,108,4477.45,1,18-25,Medium,1.9,84,685.58,0.32
P1980,Sculpture,East China,Autumn,0,97,1011.84,0,36-50,Medium,2.4,471,2055.99,0.39
P1981,Musical Instrument,West China,Spring,1,120,710.04,0,18-25,High,1.6,179,1197.27,0.53
P1982,Musical Instrument,East China,Autumn,0,89,2567.32,1,26-35,Medium,1.8,320,1185.65,0.39
P1983,Folk Painting,West China,Spring,0,95,1431.0,1,36-50,Medium,4.1,357,683.03,0.55
P1984,Handicraft,North China,Summer,0,109,3070.86,1,26-35,Low,2.0,452,3282.8,0.53
P1985,Folk Painting,South China,Summer,0,100,2617.36,0,26-35,Low,2.8,188,3757.08,0.26
P1986,Sculpture,North China,Spring,0,105,809.78,0,50+,High,1.6,97,3416.29,0.16
P1987,Musical Instrument,South China,Autumn,0,91,3722.43,0,50+,Medium,3.7,446,4630.82,0.43
P1988,Folk Painting,South China,Winter,1,103,4038.54,1,36-50,High,3.9,474,813.83,0.92
P1989,Handicraft,East China,Winter,1,117,4818.91,0,18-25,Medium,2.4,274,1667.24,0.62
P1990,Folk Painting,South China,Spring,1,107,2038.14,1,50+,High,4.1,231,1788.41,0.8
P1991,Textile,North China,Summer,0,110,1754.9,1,50+,Medium,2.0,494,1237.2,0.56
P1992,Handicraft,North China,Summer,0,85,1042.09,1,26-35,Low,3.8,12,796.8,0.31
P1993,Sculpture,West China,Winter,1,92,986.24,0,26-35,High,3.9,127,2484.85,0.55
P1994,Musical Instrument,North China,Spring,0,94,1673.16,1,18-25,Low,4.9,145,4188.75,0.48
P1995,Folk Painting,West China,Winter,0,103,4910.9,1,50+,Medium,1.9,475,4777.24,0.52
P1996,Handicraft,South China,Autumn,0,93,552.07,1,50+,High,1.4,196,733.77,0.31
P1997,Textile,North China,Autumn,0,86,1370.89,0,18-25,Low,2.1,39,4133.47,0.09
P1998,Handicraft,South China,Spring,0,105,521.29,0,50+,Low,1.5,76,4140.45,0.14
P1999,Textile,North China,Spring,0,107,1440.79,1,36-50,Low,1.7,320,2005.99,0.44
P2000,Sculpture,North China,Autumn,0,103,552.77,0,36-50,Medium,2.3,427,639.15,0.38
P2001,Musical Instrument,West China,Summer,1,79,2590.71,1,18-25,High,2.7,388,4951.04,0.73
P2002,Sculpture,South China,Spring,0,83,2247.94,1,26-35,Low,4.6,308,3312.41,0.52
P2003,Folk Painting,North China,Autumn,0,104,952.85,1,18-25,Medium,1.8,421,4912.76,0.49
P2004,Handicraft,East China,Autumn,0,87,956.56,0,36-50,Medium,4.9,430,2469.91,0.48
P2005,Textile,South China,Summer,0,100,3167.93,1,50+,Medium,4.2,226,2036.45,0.5
P2006,Textile,South China,Summer,0,90,1996.89,0,50+,High,4.5,167,1311.21,0.31
P2007,Handicraft,South China,Summer,1,95,375.36,0,26-35,Medium,4.7,80,4919.5,0.57
P2008,Handicraft,West China,Summer,0,90,4608.94,0,26-35,Medium,4.0,327,1340.96,0.38
P2009,Folk Painting,East China,Winter,1,95,2084.27,1,36-50,High,4.2,119,216.44,0.71
P2010,Sculpture,South China,Summer,0,95,2996.13,1,26-35,High,2.8,294,2611.1,0.45
P2011,Textile,North China,Winter,0,75,4438.52,0,18-25,Medium,3.0,380,1947.55,0.3
P2012,Folk Painting,North China,Spring,1,98,2070.58,0,36-50,Medium,4.7,267,1380.77,0.69
P2013,Sculpture,West China,Autumn,0,97,4121.23,1,50+,Low,2.5,99,3209.58,0.33
P2014,Folk Painting,North China,Winter,0,114,4582.29,1,50+,High,1.2,370,1884.92,0.46
P2015,Textile,South China,Spring,0,111,952.93,1,50+,High,4.1,66,2071.03,0.44
P2016,Handicraft,North China,Spring,0,89,4473.21,1,26-35,Low,3.3,450,212.92,0.54
P2017,Handicraft,South China,Winter,0,100,687.18,1,36-50,Medium,4.3,307,2986.45,0.55
P2018,Sculpture,North China,Spring,0,89,1448.12,0,26-35,Medium,1.3,58,698.15,0.07
P2019,Musical Instrument,East China,Spring,0,101,4060.24,0,18-25,Medium,3.5,194,1147.64,0.31
P2020,Sculpture,West China,Winter,0,103,4513.35,0,36-50,Medium,2.0,208,3613.88,0.24
P2021,Musical Instrument,West China,Spring,1,96,3452.28,1,26-35,Low,4.6,27,1634.89,0.68
P2022,Folk Painting,East China,Summer,1,110,613.65,0,50+,High,1.4,207,899.73,0.51
P2023,Folk Painting,East China,Summer,1,104,2662.66,1,50+,High,4.4,498,2929.38,0.96
P2024,Textile,West China,Autumn,0,105,2905.91,0,18-25,Medium,1.4,241,1153.03,0.23
P2025,Musical Instrument,East China,Spring,1,101,1481.11,1,18-25,Low,1.1,36,1427.79,0.5
P2026,Textile,South China,Autumn,0,106,4957.35,1,18-25,Medium,1.9,127,3144.56,0.34
P2027,Handicraft,North China,Summer,1,110,1744.58,0,50+,Medium,2.3,63,3725.32,0.47
P2028,Musical Instrument,West China,Summer,0,98,1130.25,0,26-35,Low,3.5,498,3724.33,0.47
P2029,Sculpture,East China,Summer,0,102,639.67,0,50+,Low,1.5,161,2462.99,0.18
P2030,Handicraft,South China,Spring,1,107,1954.66,1,50+,High,2.7,234,2326.05,0.72
P2031,Handicraft,West China,Spring,0,92,3493.83,1,50+,High,1.8,488,3959.46,0.49
P2032,Sculpture,East China,Summer,0,96,1233.94,1,26-35,Medium,4.4,171,1045.87,0.47
P2033,Handicraft,West China,Autumn,1,92,3870.77,0,50+,Medium,1.2,159,845.79,0.41
P2034,Musical Instrument,East China,Autumn,1,95,763.47,0,18-25,High,2.4,225,3357.01,0.53
P2035,Textile,West China,Winter,1,122,2258.29,0,18-25,Low,3.5,328,2106.58,0.73
P2036,Handicraft,South China,Summer,0,108,3541.63,0,18-25,Medium,4.7,429,3578.99,0.53
P2037,Musical Instrument,South China,Autumn,0,95,763.02,0,18-25,Medium,4.5,357,1357.34,0.44
P2038,Folk Painting,North China,Summer,0,79,3029.43,0,50+,Low,4.6,349,1691.87,0.39
P2039,Musical Instrument,West China,Autumn,0,125,4014.87,0,50+,Medium,1.3,326,4493.72,0.33
P2040,Textile,North China,Winter,0,112,3018.19,1,50+,Low,4.4,347,2166.12,0.62
P2041,Musical Instrument,West China,Winter,0,80,2606.17,1,18-25,High,4.1,51,2995.67,0.34
P2042,Sculpture,East China,Summer,0,112,4207.67,0,26-35,High,4.6,361,622.74,0.5
P2043,Textile,East China,Autumn,0,120,4928.56,1,36-50,High,2.2,170,976.26,0.42
P2044,Folk Painting,North China,Spring,1,107,988.43,0,36-50,High,4.6,83,275.85,0.61
P2045,Sculpture,West China,Winter,1,96,3487.6,0,36-50,High,2.6,402,2179.42,0.64
P2046,Musical Instrument,North China,Summer,1,98,495.22,1,26-35,Medium,3.5,384,4945.71,0.83
P2047,Textile,South China,Summer,1,102,309.92,0,50+,High,2.7,34,4381.98,0.46
P2048,Folk Painting,North China,Autumn,0,106,1476.01,0,36-50,Medium,2.7,406,3201.25,0.4
P2049,Sculpture,North China,Summer,1,98,4857.51,0,36-50,Medium,3.2,312,4319.37,0.63
P2050,Folk Painting,East China,Winter,0,104,2805.76,0,50+,Low,2.4,251,3011.43,0.29
P2051,Musical Instrument,North China,Summer,1,104,1414.53,1,36-50,Medium,4.2,387,1906.97,0.89
P2052,Folk Painting,West China,Summer,1,91,749.67,0,50+,Medium,3.5,182,950.38,0.55
P2053,Handicraft,East China,Spring,1,95,4608.9,0,36-50,High,3.8,398,3299.94,0.7
P2054,Sculpture,North China,Spring,0,104,1875.6,1,50+,High,1.9,296,1045.95,0.42
P2055,Folk Painting,South China,Winter,0,99,1602.82,0,18-25,Low,4.9,168,2145.4,0.36
P2056,Musical Instrument,North China,Autumn,0,95,4304.02,0,26-35,Low,3.6,363,4146.43,0.39
P2057,Musical Instrument,North China,Spring,0,105,3061.57,1,36-50,Medium,1.8,227,733.22,0.38
P2058,Folk Painting,North China,Autumn,0,89,926.32,0,50+,Low,4.0,464,732.2,0.45
P2059,Musical Instrument,East China,Winter,0,102,2165.4,1,18-25,High,1.7,434,1199.57,0.48
P2060,Textile,West China,Spring,0,101,4648.33,1,50+,High,1.3,124,2804.39,0.28
P2061,Textile,South China,Autumn,0,97,4515.9,0,36-50,High,3.1,439,1333.45,0.41
P2062,Textile,North China,Spring,1,112,443.54,0,36-50,Medium,3.2,250,2565.67,0.64
P2063,Handicraft,West China,Winter,0,103,1416.2,0,36-50,Medium,1.8,317,1579.71,0.29
P2064,Folk Painting,West China,Winter,0,90,857.24,1,36-50,Low,2.4,221,2580.59,0.37
P2065,Handicraft,East China,Spring,1,105,2715.68,0,36-50,High,4.8,372,1460.39,0.77
P2066,Musical Instrument,South China,Autumn,0,98,3774.92,1,18-25,Medium,2.1,95,4902.06,0.3
P2067,Handicraft,East China,Summer,1,108,1548.16,1,50+,Medium,1.6,142,2514.32,0.61
P2068,Musical Instrument,West China,Summer,0,106,3814.18,1,50+,Low,5.0,277,3743.85,0.59
P2069,Musical Instrument,West China,Spring,0,98,3376.71,1,36-50,High,2.2,286,3532.68,0.42
P2070,Sculpture,West China,Autumn,0,89,3668.29,1,50+,High,3.7,274,2503.74,0.47
P2071,Textile,East China,Summer,0,87,4746.39,1,18-25,Low,1.9,102,1270.42,0.26
P2072,Musical Instrument,South China,Winter,0,90,2180.6,0,36-50,Low,3.2,100,2602.52,0.2
P2073,Sculpture,North China,Autumn,0,114,1778.58,1,26-35,Low,2.5,154,3436.76,0.41
P2074,Textile,East China,Summer,0,98,3450.85,1,18-25,Low,4.8,369,2353.6,0.61
P2075,Musical Instrument,West China,Autumn,0,87,4057.03,0,36-50,High,2.7,161,501.43,0.2
P2076,Musical Instrument,East China,Spring,0,103,1038.08,0,50+,High,3.3,164,188.12,0.28
P2077,Handicraft,West China,Autumn,0,113,4249.32,1,18-25,Low,4.8,145,1706.6,0.53
P2078,Handicraft,North China,Summer,0,105,383.48,0,36-50,Medium,5.0,262,836.1,0.44
P2079,Textile,North China,Spring,0,86,131.33,0,50+,Medium,1.4,437,4540.33,0.28
P2080,Musical Instrument,South China,Autumn,0,90,876.29,0,50+,High,4.3,327,961.58,0.39
P2081,Folk Painting,West China,Winter,0,94,4895.47,1,36-50,High,2.5,38,2031.99,0.28
P2082,Handicraft,South China,Summer,0,98,2665.47,0,18-25,Low,3.4,92,3589.18,0.23
P2083,Textile,South China,Spring,1,102,328.18,1,36-50,Medium,2.5,339,4095.57,0.76
P2084,Musical Instrument,North China,Autumn,0,111,4986.16,0,36-50,High,2.6,417,2440.79,0.41
P2085,Musical Instrument,East China,Winter,1,96,3750.07,0,36-50,Medium,1.6,43,987.56,0.38
P2086,Folk Painting,East China,Summer,1,137,4206.22,0,36-50,Low,3.3,325,1427.39,0.76
P2087,Textile,South China,Winter,0,115,1143.41,1,36-50,High,3.2,113,2152.95,0.43
P2088,Musical Instrument,North China,Autumn,0,102,616.7,1,50+,High,1.8,424,1886.51,0.48
P2089,Handicraft,West China,Autumn,1,87,2623.92,1,36-50,Medium,3.2,380,1808.5,0.77
P2090,Folk Painting,East China,Spring,1,95,3883.66,1,18-25,Medium,4.9,397,746.08,0.9
P2091,Textile,South China,Winter,0,111,3225.13,0,26-35,High,3.9,242,4575.22,0.39
P2092,Folk Painting,East China,Spring,1,104,3192.19,1,36-50,Medium,2.9,246,245.81,0.73
P2093,Handicraft,East China,Summer,1,90,3809.77,0,18-25,Medium,4.7,232,2256.01,0.64
P2094,Textile,West China,Spring,0,102,1212.4,0,26-35,Low,3.3,402,4903.58,0.42
P2095,Folk Painting,North China,Summer,1,100,3341.44,1,18-25,Medium,1.5,99,3332.65,0.56
P2096,Sculpture,West China,Autumn,0,113,2021.34,1,50+,High,3.2,342,1841.51,0.55
P2097,Handicraft,North China,Autumn,0,92,441.79,0,50+,Low,1.7,386,815.88,0.29
P2098,Handicraft,East China,Winter,1,96,1090.5,1,26-35,High,4.1,249,4822.98,0.78
P2099,Handicraft,South China,Summer,1,100,3990.62,1,26-35,Low,4.9,227,168.53,0.82
P2100,Sculpture,West China,Autumn,0,97,4490.06,0,26-35,Low,2.4,191,3438.8,0.23
P2101,Sculpture,North China,Winter,0,123,1485.83,0,50+,Medium,2.7,266,4412.67,0.37
P2102,Musical Instrument,East China,Winter,0,95,1032.77,1,50+,Medium,2.7,241,223.29,0.41
P2103,Folk Painting,North China,Spring,1,107,230.95,1,18-25,High,2.1,198,3653.36,0.67
P2104,Musical Instrument,North China,Winter,0,99,4743.72,0,50+,Medium,4.2,338,4994.31,0.42
P2105,Folk Painting,North China,Autumn,1,93,3450.89,1,26-35,Low,3.5,424,3234.25,0.83
P2106,Sculpture,East China,Spring,1,97,4789.45,0,36-50,Medium,1.3,353,2131.93,0.54
P2107,Sculpture,South China,Summer,0,112,4332.86,0,36-50,High,4.4,264,4384.56,0.43
P2108,Musical Instrument,South China,Summer,0,113,1768.29,1,26-35,Low,1.7,54,2815.48,0.3
P2109,Textile,South China,Autumn,0,104,652.15,0,50+,High,4.9,325,3772.26,0.47
P2110,Musical Instrument,North China,Autumn,0,114,2545.38,1,26-35,Medium,2.5,95,2980.12,0.38
P2111,Folk Painting,East China,Spring,0,102,231.39,1,50+,Low,3.5,210,287.63,0.46
P2112,Musical Instrument,North China,Spring,0,86,834.59,1,36-50,High,1.3,368,1144.41,0.38
P2113,Handicraft,South China,Autumn,0,94,1243.82,1,18-25,Medium,2.4,352,485.94,0.45
P2114,Folk Painting,South China,Autumn,0,119,3361.67,1,50+,Medium,4.2,221,622.77,0.56
P2115,Folk Painting,East China,Summer,0,88,2598.4,1,18-25,High,2.9,128,175.49,0.34
P2116,Textile,North China,Summer,0,112,1581.86,0,36-50,Low,4.6,307,2163.71,0.47
P2117,Sculpture,West China,Summer,0,104,2867.37,1,18-25,High,3.3,478,975.39,0.61
P2118,Folk Painting,West China,Autumn,0,93,713.49,0,18-25,Medium,4.7,164,4292.91,0.33
P2119,Sculpture,South China,Winter,0,117,3802.97,0,26-35,High,4.9,195,3775.18,0.44
P2120,Musical Instrument,East China,Autumn,0,102,3588.97,1,18-25,Medium,2.8,206,2908.57,0.42
P2121,Handicraft,North China,Autumn,0,96,1160.86,0,36-50,Low,3.3,346,2496.2,0.37
P2122,Textile,North China,Summer,1,105,3071.32,0,50+,High,4.3,491,1353.76,0.81
P2123,Sculpture,South China,Autumn,0,92,2566.18,1,18-25,Low,1.9,210,2427.26,0.34
P2124,Folk Painting,South China,Spring,0,104,398.0,0,50+,High,4.4,427,3242.02,0.5
P2125,Sculpture,North China,Autumn,1,101,1462.95,1,26-35,Medium,3.4,275,3932.92,0.77
P2126,Folk Painting,North China,Autumn,0,109,4997.47,0,36-50,Low,3.9,388,500.24,0.46
P2127,Sculpture,South China,Autumn,0,96,587.72,1,36-50,Medium,1.3,245,3571.48,0.34
P2128,Folk Painting,North China,Autumn,1,93,2581.42,0,50+,High,4.1,203,3739.38,0.6
P2129,Musical Instrument,West China,Winter,1,88,4261.74,1,36-50,Medium,2.2,376,2838.96,0.72
P2130,Folk Painting,South China,Autumn,1,101,1573.19,0,26-35,High,4.2,34,1150.16,0.54
P2131,Folk Painting,North China,Spring,1,102,1377.47,1,50+,Low,3.0,268,2742.0,0.75
P2132,Handicraft,South China,Spring,0,94,4464.89,0,36-50,Medium,2.1,427,2563.25,0.34
P2133,Folk Painting,East China,Autumn,0,101,1593.67,0,26-35,Medium,4.8,80,2430.98,0.32
P2134,Handicraft,South China,Summer,0,85,3292.32,0,26-35,High,4.1,37,2357.14,0.2
P2135,Textile,South China,Winter,0,95,3727.53,0,18-25,High,4.9,402,643.05,0.48
P2136,Handicraft,East China,Autumn,0,118,3964.23,1,36-50,High,2.5,20,996.17,0.35
P2137,Musical Instrument,West China,Autumn,1,115,4974.32,0,50+,Low,3.6,358,576.93,0.73
P2138,Handicraft,North China,Autumn,0,111,4035.64,1,18-25,Medium,3.4,127,1288.14,0.43
P2139,Textile,East China,Summer,0,97,3319.36,1,50+,High,3.8,389,1391.04,0.56
P2140,Musical Instrument,South China,Summer,1,113,4487.77,0,18-25,High,1.2,217,1300.87,0.51
P2141,Sculpture,North China,Summer,1,88,4538.15,0,26-35,Medium,2.2,432,1133.55,0.61
P2142,Sculpture,East China,Winter,0,111,4868.52,0,18-25,Low,4.6,102,3703.57,0.35
P2143,Handicraft,North China,Spring,1,100,3904.68,0,18-25,Medium,2.7,150,4110.97,0.52
P2144,Handicraft,North China,Winter,1,105,1055.14,0,18-25,High,4.8,364,1702.84,0.77
P2145,Textile,East China,Summer,0,102,3578.05,0,36-50,Medium,1.9,20,1595.13,0.12
P2146,Textile,North China,Spring,0,101,468.13,0,18-25,High,5.0,300,4235.76,0.45
P2147,Folk Painting,West China,Spring,0,99,1658.02,1,26-35,High,3.8,248,3157.23,0.49
P2148,Textile,East China,Summer,0,101,667.46,1,50+,Medium,4.1,273,1537.85,0.53
P2149,Folk Painting,West China,Summer,0,97,4754.72,1,36-50,Medium,2.6,272,3596.7,0.43
P2150,Musical Instrument,South China,Winter,1,105,1759.9,0,26-35,Low,4.6,78,1788.5,0.6
P2151,Handicraft,North China,Summer,1,97,3594.76,0,36-50,High,3.2,79,2974.12,0.49
P2152,Musical Instrument,South China,Spring,1,97,2899.46,0,50+,High,3.7,194,4963.91,0.59
P2153,Textile,South China,Autumn,1,114,626.81,0,50+,High,1.4,380,1577.81,0.62
P2154,Musical Instrument,North China,Summer,1,101,2850.59,0,50+,High,3.5,133,4659.58,0.55
P2155,Musical Instrument,East China,Summer,0,99,3339.02,1,36-50,High,4.5,428,1671.2,0.63
P2156,Musical Instrument,North China,Winter,0,97,4419.43,0,36-50,Medium,1.7,231,2747.4,0.21
P2157,Textile,South China,Winter,1,101,443.42,0,50+,High,4.0,20,2353.92,0.52
P2158,Musical Instrument,South China,Summer,0,116,1548.61,1,50+,Medium,1.1,175,3937.48,0.35
P2159,Folk Painting,East China,Spring,0,90,3492.47,1,26-35,Low,4.7,100,399.35,0.43
P2160,Textile,North China,Spring,0,109,268.23,0,50+,High,4.9,257,3172.9,0.45
P2161,Musical Instrument,South China,Autumn,1,91,1097.41,0,18-25,Low,2.4,350,3827.27,0.58
P2162,Textile,West China,Summer,0,103,1171.48,1,36-50,Medium,1.4,471,2413.51,0.49
P2163,Sculpture,South China,Winter,1,95,3379.7,0,26-35,Medium,3.6,314,615.93,0.64
P2164,Folk Painting,South China,Spring,0,85,1501.21,1,36-50,Low,1.1,300,1299.54,0.32
P2165,Musical Instrument,East China,Autumn,0,97,3038.02,1,50+,High,2.9,166,3430.39,0.39
P2166,Sculpture,West China,Summer,0,94,4830.21,1,18-25,Medium,2.1,97,4487.64,0.29
P2167,Sculpture,South China,Spring,1,91,3986.89,0,50+,Medium,2.9,237,2165.88,0.55
P2168,Textile,South China,Summer,0,111,1731.22,0,36-50,Medium,1.1,434,2846.02,0.34
P2169,Sculpture,West China,Summer,1,109,2414.76,0,26-35,Medium,1.2,374,1219.09,0.58
P2170,Folk Painting,North China,Spring,0,91,1083.3,0,36-50,Medium,1.1,489,2119.85,0.31
P2171,Folk Painting,North China,Spring,0,99,177.03,1,26-35,Medium,3.5,143,1750.27,0.41
P2172,Handicraft,South China,Spring,0,94,1519.61,1,18-25,Low,3.2,275,3312.08,0.45
P2173,Folk Painting,South China,Summer,0,99,1910.1,0,50+,High,1.9,93,4925.02,0.15
P2174,Sculpture,North China,Summer,0,93,2865.4,0,50+,High,3.6,221,4085.19,0.3
P2175,Folk Painting,East China,Autumn,0,106,4725.93,0,18-25,High,4.5,227,1041.61,0.4
P2176,Textile,West China,Winter,1,119,4744.48,0,36-50,High,2.1,350,2930.63,0.65
P2177,Handicraft,West China,Summer,0,102,443.48,0,18-25,Low,4.3,246,425.42,0.38
P2178,Sculpture,East China,Winter,0,105,3111.76,0,50+,Low,3.7,160,1309.89,0.31
P2179,Handicraft,East China,Spring,1,92,307.53,1,26-35,High,1.1,183,943.87,0.56
P2180,Sculpture,East China,Summer,0,105,3275.6,0,50+,Medium,2.5,149,1744.17,0.24
P2181,Textile,East China,Autumn,0,94,676.75,0,36-50,High,3.0,64,3426.19,0.18
P2182,Handicraft,East China,Autumn,0,103,4737.37,0,26-35,Medium,3.9,150,2547.03,0.31
P2183,Musical Instrument,East China,Winter,0,106,4335.26,0,36-50,Medium,2.1,83,4671.26,0.18
P2184,Sculpture,West China,Spring,0,96,209.41,0,50+,Low,4.9,144,1142.47,0.34
P2185,Musical Instrument,East China,Winter,1,100,3932.45,1,50+,Medium,3.7,494,1884.62,0.91
P2186,Handicraft,North China,Spring,0,91,3215.9,1,26-35,Low,2.5,405,1716.28,0.48
P2187,Musical Instrument,East China,Autumn,0,113,2527.31,0,36-50,High,1.4,326,1256.22,0.3
P2188,Musical Instrument,East China,Winter,0,97,3052.91,1,26-35,Low,1.7,418,4966.54,0.46
P2189,Handicraft,West China,Autumn,1,88,3423.43,0,26-35,Medium,3.0,139,1997.41,0.49
P2190,Textile,West China,Autumn,0,92,4433.84,0,36-50,Medium,3.0,241,4708.49,0.28
P2191,Musical Instrument,East China,Spring,1,107,3860.05,1,26-35,Medium,4.1,35,2013.32,0.69
P2192,Musical Instrument,West China,Winter,1,108,2919.35,0,18-25,High,3.9,497,1100.05,0.8
P2193,Textile,South China,Winter,1,101,4140.62,0,26-35,Low,1.8,444,684.11,0.63
P2194,Musical Instrument,West China,Autumn,1,86,4935.92,0,50+,High,3.4,78,4292.26,0.47
P2195,Musical Instrument,West China,Autumn,0,90,1570.89,0,36-50,Low,1.1,71,257.28,0.07
P2196,Musical Instrument,West China,Spring,1,97,680.26,0,50+,High,2.6,209,4825.53,0.53
P2197,Folk Painting,West China,Summer,0,107,3684.1,0,18-25,High,4.1,499,2149.14,0.53
P2198,Textile,North China,Summer,1,95,4895.12,0,18-25,Medium,2.6,466,1312.13,0.67
P2199,Musical Instrument,North China,Autumn,0,100,671.86,1,26-35,High,4.3,176,3125.49,0.48
P2200,Textile,North China,Summer,1,113,2215.37,0,50+,High,4.9,477,751.27,0.86
P2201,Sculpture,East China,Summer,0,90,405.11,0,26-35,Low,3.4,125,453.51,0.23
P2202,Sculpture,East China,Summer,0,102,3905.01,0,26-35,High,1.6,380,4156.14,0.31
P2203,Musical Instrument,South China,Summer,1,99,4748.67,1,50+,Medium,2.5,148,2180.89,0.64
P2204,Textile,North China,Autumn,0,90,2545.07,0,18-25,High,1.0,241,2639.45,0.16
P2205,Textile,East China,Summer,0,97,2106.65,1,18-25,Low,3.4,457,965.81,0.58
P2206,Textile,West China,Summer,0,117,4547.82,0,18-25,Low,4.3,223,400.98,0.42
P2207,Folk Painting,West China,Spring,1,81,753.6,1,36-50,High,3.5,217,1902.1,0.68
P2208,Sculpture,North China,Autumn,0,90,4468.76,0,36-50,High,4.1,499,2580.12,0.48
P2209,Textile,South China,Winter,0,101,2021.42,0,26-35,Low,4.2,111,3850.61,0.3
P2210,Textile,South China,Winter,0,101,2841.09,0,36-50,Medium,4.4,307,2555.15,0.42
P2211,Folk Painting,West China,Spring,0,121,2688.63,0,36-50,High,2.1,19,3934.28,0.19
P2212,Folk Painting,South China,Spring,1,118,3118.3,1,50+,Medium,4.5,482,665.62,1.0
P2213,Textile,North China,Autumn,1,109,4716.4,0,26-35,Medium,3.6,132,413.42,0.58
P2214,Handicraft,West China,Winter,0,105,4760.52,0,26-35,High,2.2,284,878.42,0.3
P2215,Textile,East China,Summer,0,100,4172.63,1,50+,Medium,4.9,13,3882.86,0.42
P2216,Textile,East China,Spring,1,103,1038.57,1,18-25,Low,4.8,476,3820.72,0.97
P2217,Folk Painting,South China,Winter,0,81,1734.23,1,50+,Medium,3.3,268,792.7,0.42
P2218,Folk Painting,West China,Autumn,0,102,2490.34,0,18-25,Low,4.4,218,251.84,0.37
P2219,Textile,West China,Summer,0,92,4536.76,0,26-35,High,2.0,407,3457.88,0.31
P2220,Textile,East China,Autumn,0,92,2652.24,0,26-35,Medium,2.7,275,4290.88,0.28
P2221,Textile,West China,Spring,0,102,4889.43,1,36-50,Low,1.7,271,3795.13,0.39
P2222,Folk Painting,West China,Winter,0,97,4920.82,1,36-50,Low,3.1,296,1093.72,0.47
P2223,Textile,West China,Winter,0,104,3033.06,1,50+,High,3.0,40,2960.46,0.34
P2224,Textile,South China,Winter,0,111,4399.73,0,36-50,Medium,1.9,185,3811.09,0.24
P2225,Musical Instrument,West China,Winter,1,96,4996.19,1,26-35,Low,3.7,18,1353.56,0.63
P2226,Handicraft,North China,Summer,0,100,4263.61,1,26-35,Low,1.5,213,2685.83,0.34
P2227,Sculpture,South China,Summer,1,98,3318.86,0,18-25,High,1.2,117,1640.86,0.41
P2228,Handicraft,West China,Autumn,0,105,4241.15,1,36-50,Medium,2.5,133,1205.32,0.37
P2229,Musical Instrument,West China,Summer,1,113,505.01,0,18-25,Medium,2.6,247,4850.99,0.6
P2230,Sculpture,North China,Spring,1,87,3210.62,1,26-35,Low,2.3,419,4571.65,0.75
P2231,Textile,South China,Spring,1,105,1160.96,1,36-50,Medium,2.0,139,2283.77,0.63
P2232,Musical Instrument,East China,Winter,1,101,668.71,0,18-25,Medium,2.4,243,770.21,0.55
P2233,Textile,East China,Spring,0,120,4475.07,1,26-35,Medium,1.7,13,3666.75,0.3
P2234,Folk Painting,South China,Autumn,0,88,3234.26,0,18-25,Medium,2.6,489,1352.94,0.38
P2235,Musical Instrument,West China,Summer,0,113,1293.38,1,36-50,Medium,4.6,229,925.74,0.57
P2236,Folk Painting,West China,Summer,0,111,1995.23,1,18-25,Medium,1.9,271,1969.49,0.43
P2237,Musical Instrument,East China,Summer,0,114,4869.06,1,18-25,Medium,3.7,39,2696.26,0.41
P2238,Musical Instrument,East China,Spring,1,107,4324.69,1,26-35,Low,1.6,448,577.46,0.78
P2239,Folk Painting,East China,Summer,0,114,176.35,0,36-50,Low,2.4,421,2901.56,0.41
P2240,Sculpture,North China,Winter,0,112,4901.02,0,50+,Medium,2.3,326,175.21,0.35
P2241,Handicraft,East China,Winter,1,88,1905.79,1,50+,Medium,4.7,86,4470.16,0.7
P2242,Textile,North China,Winter,0,99,3507.55,0,18-25,High,2.7,192,4611.63,0.25
P2243,Musical Instrument,South China,Spring,0,100,3592.12,1,26-35,Low,3.8,375,3692.05,0.56
P2244,Textile,West China,Summer,1,111,4567.25,0,36-50,High,3.4,301,2386.09,0.67
P2245,Folk Painting,East China,Spring,0,94,4436.8,1,26-35,Low,1.6,467,1348.99,0.47
P2246,Textile,West China,Summer,0,102,1480.47,0,36-50,High,4.8,211,3746.15,0.39
P2247,Folk Painting,West China,Autumn,1,99,3253.32,1,26-35,High,2.4,398,4665.81,0.78
P2248,Textile,East China,Autumn,1,90,2029.16,1,50+,High,1.2,166,876.82,0.55
P2249,Handicraft,East China,Spring,1,97,2675.16,0,50+,Low,2.2,109,2382.53,0.45
P2250,Handicraft,South China,Winter,0,113,2817.92,0,50+,Low,2.3,405,1644.78,0.4
P2251,Handicraft,North China,Spring,1,117,2042.08,1,26-35,Medium,1.4,131,1848.03,0.62
P2252,Handicraft,North China,Winter,0,107,2373.08,1,26-35,Low,3.5,415,2088.21,0.59
P2253,Handicraft,West China,Summer,0,92,1120.88,0,18-25,Low,2.4,324,4763.8,0.29
P2254,Handicraft,East China,Winter,0,93,3077.47,1,50+,Low,3.5,119,1367.32,0.38
P2255,Folk Painting,South China,Winter,0,111,3818.9,0,18-25,Low,1.0,176,2514.11,0.19
P2256,Musical Instrument,South China,Summer,0,116,2205.73,0,26-35,Medium,4.9,139,4762.29,0.4
P2257,Textile,South China,Autumn,0,96,4890.63,1,36-50,Medium,1.7,279,2432.68,0.38
P2258,Handicraft,South China,Summer,0,118,380.41,0,50+,Low,3.6,147,4331.64,0.34
P2259,Folk Painting,South China,Spring,0,101,2986.89,0,50+,High,3.9,185,387.95,0.32
P2260,Folk Painting,North China,Spring,1,93,2959.64,1,50+,High,1.7,73,4769.85,0.53
P2261,Folk Painting,North China,Spring,0,92,277.85,1,50+,Low,1.4,140,1018.9,0.27
P2262,Musical Instrument,North China,Spring,0,97,1200.39,0,50+,Medium,1.6,337,4901.68,0.27
P2263,Textile,East China,Spring,0,107,4537.16,1,26-35,High,2.0,197,960.33,0.38
P2264,Musical Instrument,West China,Autumn,0,115,2768.12,0,50+,Medium,1.7,474,2277.39,0.41
P2265,Sculpture,South China,Autumn,0,83,2238.29,0,50+,Medium,3.7,461,1612.21,0.41
P2266,Folk Painting,East China,Winter,0,94,2135.93,1,18-25,High,2.7,286,2222.83,0.43
P2267,Sculpture,South China,Spring,0,106,4451.99,0,36-50,Low,3.2,359,1327.57,0.4
P2268,Handicraft,North China,Summer,1,99,1898.45,1,50+,Medium,1.2,156,4830.06,0.57
P2269,Handicraft,East China,Spring,0,108,4309.92,1,18-25,High,4.4,344,1598.05,0.6
P2270,Musical Instrument,North China,Autumn,0,104,1615.04,1,26-35,Medium,1.7,29,3301.05,0.26
P2271,Textile,South China,Spring,0,89,2704.37,0,18-25,High,2.4,323,773.49,0.28
P2272,Sculpture,South China,Autumn,0,99,804.72,0,50+,Low,1.3,51,4139.5,0.1
P2273,Textile,West China,Winter,0,88,4142.65,0,18-25,Low,1.5,359,2758.29,0.25
P2274,Musical Instrument,South China,Winter,0,85,3706.28,1,18-25,Low,3.7,403,4899.29,0.53
P2275,Handicraft,North China,Winter,0,102,2697.46,0,26-35,Medium,3.8,416,2174.67,0.45
P2276,Textile,South China,Autumn,1,110,226.92,0,18-25,Low,3.7,353,1057.69,0.72
P2277,Textile,West China,Spring,1,106,2458.16,1,26-35,Low,3.2,149,1795.49,0.7
P2278,Handicraft,West China,Spring,0,96,1203.46,1,26-35,Low,4.8,18,3711.13,0.41
P2279,Sculpture,North China,Summer,1,100,2125.53,0,18-25,Low,3.0,88,3329.62,0.5
P2280,Handicraft,East China,Autumn,0,105,4296.49,1,50+,High,2.8,422,3913.9,0.55
P2281,Textile,South China,Summer,1,91,3871.06,0,36-50,High,2.0,347,460.0,0.56
P2282,Sculpture,West China,Winter,0,89,1285.57,0,18-25,Medium,1.4,157,2943.81,0.13
P2283,Sculpture,South China,Spring,0,102,4926.27,0,18-25,High,3.2,202,4667.63,0.3
P2284,Handicraft,South China,Autumn,1,99,4525.73,0,18-25,High,2.3,268,628.72,0.56
P2285,Textile,East China,Summer,1,91,2690.5,1,36-50,High,3.1,145,562.24,0.65
P2286,Musical Instrument,West China,Summer,1,87,2697.74,0,36-50,High,1.8,48,3611.36,0.37
P2287,Textile,South China,Summer,0,102,4516.2,0,26-35,High,4.4,329,1644.39,0.44
P2288,Folk Painting,West China,Spring,1,96,3217.11,1,36-50,Low,5.0,296,3327.04,0.86
P2289,Musical Instrument,North China,Spring,1,105,2729.77,1,36-50,Medium,2.3,376,2772.38,0.78
P2290,Sculpture,North China,Spring,0,112,3770.83,1,18-25,High,4.4,465,4931.73,0.68
P2291,Musical Instrument,South China,Autumn,0,89,1251.98,0,26-35,High,4.5,472,4456.38,0.48
P2292,Sculpture,West China,Spring,0,91,4404.05,0,50+,Medium,5.0,388,3422.56,0.47
P2293,Sculpture,South China,Autumn,1,87,2703.93,0,26-35,High,2.4,159,1382.21,0.46
P2294,Musical Instrument,West China,Summer,0,102,3057.15,1,36-50,High,4.0,361,1383.35,0.57
P2295,Sculpture,West China,Summer,0,81,540.72,1,36-50,Medium,1.9,14,4422.99,0.19
P2296,Sculpture,East China,Winter,0,99,1616.59,1,18-25,Low,3.5,245,2968.17,0.47
P2297,Folk Painting,East China,Spring,0,117,2191.0,1,50+,Low,3.8,245,3967.48,0.54
P2298,Textile,East China,Summer,0,113,2128.16,1,50+,Medium,4.0,323,2304.33,0.59
P2299,Textile,South China,Spring,0,95,3913.59,1,50+,Low,1.8,466,605.06,0.49
P2300,Folk Painting,East China,Autumn,1,97,1483.38,0,36-50,Low,4.4,114,1730.16,0.58
P2301,Musical Instrument,East China,Summer,0,98,992.34,0,36-50,Low,2.7,216,889.63,0.27
P2302,Handicraft,North China,Spring,1,91,2954.82,0,26-35,Low,1.9,248,3930.98,0.5
P2303,Handicraft,West China,Summer,0,123,3113.57,0,36-50,High,3.2,328,3532.51,0.43
P2304,Handicraft,West China,Summer,0,106,695.76,0,50+,Medium,4.5,326,533.22,0.45
P2305,Folk Painting,East China,Spring,0,100,112.1,0,50+,Low,4.9,61,3144.79,0.31
P2306,Folk Painting,West China,Summer,0,104,4596.48,0,50+,Low,4.0,117,4383.26,0.3
P2307,Sculpture,North China,Summer,0,97,490.22,0,18-25,Medium,1.0,366,3517.09,0.25
P2308,Handicraft,North China,Summer,1,119,4499.55,0,26-35,High,1.5,42,2604.45,0.45
P2309,Musical Instrument,East China,Summer,0,86,2056.15,0,26-35,Low,1.3,31,1628.13,0.04
P2310,Musical Instrument,North China,Autumn,0,117,3299.97,0,36-50,Low,1.4,316,4446.77,0.31
P2311,Handicraft,West China,Summer,0,106,1009.51,0,18-25,High,2.5,20,2171.74,0.17
P2312,Handicraft,South China,Winter,0,72,4137.19,0,26-35,Medium,2.4,136,4291.43,0.12
P2313,Handicraft,West China,Summer,1,96,982.95,1,18-25,Low,1.5,451,3936.7,0.75
P2314,Folk Painting,South China,Spring,0,103,1993.89,0,18-25,Low,4.5,59,4099.51,0.29
P2315,Folk Painting,East China,Winter,0,96,1266.33,1,36-50,Medium,3.5,207,4950.01,0.44
P2316,Folk Painting,South China,Autumn,0,100,4203.78,0,18-25,High,4.2,26,3768.92,0.25
P2317,Textile,North China,Winter,0,97,4305.85,0,26-35,Medium,2.5,439,266.8,0.38
P2318,Musical Instrument,West China,Winter,0,94,1922.94,0,36-50,Low,2.6,53,1106.63,0.16
P2319,Musical Instrument,South China,Winter,0,95,1606.15,0,26-35,High,2.3,194,272.46,0.22
P2320,Sculpture,West China,Spring,0,99,3890.47,0,18-25,High,2.8,398,1030.58,0.38
P2321,Folk Painting,East China,Spring,0,96,4404.71,1,18-25,High,3.4,48,401.05,0.34
P2322,Textile,East China,Spring,0,97,3157.7,1,50+,Medium,3.0,451,2557.92,0.55
P2323,Textile,North China,Autumn,1,110,4644.28,1,36-50,Medium,4.4,146,238.21,0.78
P2324,Musical Instrument,East China,Spring,0,118,1976.91,1,36-50,Medium,4.6,486,2415.64,0.73
P2325,Folk Painting,South China,Spring,1,93,844.24,0,50+,Low,2.9,288,4504.32,0.58
P2326,Sculpture,East China,Winter,1,102,980.25,0,26-35,Medium,2.0,440,3768.02,0.65
P2327,Folk Painting,North China,Spring,0,89,3382.18,1,26-35,High,4.8,173,4725.38,0.47
P2328,Handicraft,West China,Summer,0,101,2096.88,1,18-25,Low,3.9,40,1210.57,0.38
P2329,Folk Painting,West China,Spring,0,91,865.94,0,36-50,Low,3.6,349,2702.32,0.37
P2330,Handicraft,East China,Autumn,1,88,1531.91,1,18-25,Low,4.0,32,1661.04,0.63
P2331,Handicraft,South China,Autumn,0,107,2699.96,0,50+,High,1.3,449,2519.72,0.35
P2332,Sculpture,North China,Summer,0,90,695.08,0,18-25,Medium,1.3,208,2829.67,0.16
P2333,Musical Instrument,South China,Autumn,0,95,116.87,1,26-35,High,1.6,183,277.31,0.32
P2334,Folk Painting,North China,Autumn,1,102,4594.76,1,26-35,Medium,1.6,67,1242.96,0.55
P2335,Handicraft,East China,Winter,0,103,1593.82,1,50+,Low,2.7,429,3553.39,0.54
P2336,Folk Painting,North China,Summer,0,97,1185.34,0,26-35,Low,1.6,205,3887.35,0.19
P2337,Musical Instrument,North China,Winter,0,88,3522.56,0,50+,High,4.4,97,2890.31,0.26
P2338,Musical Instrument,East China,Winter,0,101,4281.67,0,36-50,Medium,3.3,453,1427.06,0.44
P2339,Textile,South China,Spring,0,119,3198.17,1,50+,Low,2.5,151,2084.91,0.42
P2340,Musical Instrument,East China,Summer,1,114,1346.97,0,50+,High,1.3,290,570.58,0.56
P2341,Sculpture,North China,Spring,1,110,4322.02,0,50+,High,3.4,464,4770.58,0.76
P2342,Handicraft,East China,Spring,1,94,2601.09,0,26-35,Medium,1.5,216,4356.52,0.47
P2343,Textile,North China,Winter,0,93,1967.83,0,36-50,Medium,4.0,181,421.45,0.3
P2344,Sculpture,East China,Autumn,0,104,3063.16,0,18-25,Medium,4.2,311,915.8,0.42
P2345,Folk Painting,West China,Summer,0,131,3533.0,1,36-50,Low,3.2,406,2947.36,0.64
P2346,Handicraft,West China,Autumn,0,116,3009.77,0,26-35,High,1.6,327,1238.91,0.32
P2347,Musical Instrument,East China,Winter,0,101,4609.2,1,36-50,Medium,4.1,284,4678.56,0.53
P2348,Handicraft,South China,Winter,0,101,3177.29,0,36-50,High,2.2,405,3802.39,0.35
P2349,Folk Painting,North China,Winter,0,97,4405.05,1,50+,Low,1.9,377,1439.13,0.45
P2350,Textile,West China,Winter,0,116,2976.1,1,50+,Low,2.9,355,129.9,0.55
P2351,Textile,South China,Winter,0,98,1715.43,0,26-35,Medium,4.7,57,4017.29,0.29
P2352,Textile,North China,Winter,1,96,2708.25,0,50+,Low,2.2,170,2178.04,0.49
P2353,Musical Instrument,West China,Autumn,0,95,523.05,0,26-35,High,4.6,472,3247.65,0.51
P2354,Sculpture,West China,Spring,1,94,1227.86,0,18-25,High,1.2,174,1506.18,0.43
P2355,Sculpture,East China,Autumn,1,96,3854.54,1,36-50,Low,1.3,399,800.08,0.71
P2356,Handicraft,North China,Summer,0,102,3341.23,0,18-25,Low,3.8,388,3409.03,0.44
P2357,Musical Instrument,South China,Autumn,0,100,915.94,0,18-25,Low,1.8,226,2306.59,0.23
P2358,Textile,South China,Winter,0,94,2246.27,1,36-50,High,2.3,126,1252.33,0.32
P2359,Textile,South China,Autumn,1,82,795.76,0,50+,Low,1.5,346,774.38,0.5
P2360,Folk Painting,North China,Spring,0,109,4293.51,0,18-25,Medium,2.3,436,2944.35,0.4
P2361,Folk Painting,South China,Summer,1,97,634.93,0,36-50,Medium,2.1,260,3655.19,0.53
P2362,Textile,South China,Autumn,0,117,3305.75,1,18-25,High,3.9,365,1491.05,0.62
P2363,Textile,South China,Spring,1,109,3074.3,0,18-25,Low,3.8,443,3702.2,0.77
P2364,Musical Instrument,East China,Autumn,1,88,2416.61,0,36-50,Low,4.8,253,997.3,0.65
P2365,Sculpture,East China,Summer,0,89,1463.35,1,50+,Low,3.9,439,1758.24,0.57
P2366,Folk Painting,North China,Autumn,0,103,2079.39,0,26-35,Medium,3.8,256,3749.92,0.36
P2367,Sculpture,North China,Winter,0,97,4051.32,1,36-50,Medium,3.8,82,3334.7,0.39
P2368,Musical Instrument,South China,Autumn,0,83,3831.6,1,26-35,Medium,4.5,293,1425.57,0.5
P2369,Textile,East China,Spring,0,97,3720.16,1,36-50,Medium,2.2,492,698.46,0.53
P2370,Sculpture,West China,Autumn,1,104,3774.14,1,36-50,Medium,2.2,204,308.12,0.67
P2371,Textile,West China,Spring,0,115,805.04,1,26-35,High,4.0,276,4205.78,0.57
P2372,Textile,South China,Summer,1,92,585.57,1,26-35,High,1.9,413,468.2,0.73
P2373,Handicraft,South China,Autumn,1,95,4321.34,1,50+,Low,4.6,96,662.74,0.72
P2374,Sculpture,East China,Summer,0,94,4202.16,0,36-50,Low,3.1,255,1264.78,0.3
P2375,Sculpture,East China,Summer,1,89,3438.46,0,36-50,Medium,2.2,167,2283.78,0.46
P2376,Textile,East China,Autumn,0,95,3068.94,0,36-50,Low,4.1,366,3969.96,0.42
P2377,Musical Instrument,North China,Spring,1,95,1897.67,0,50+,High,2.2,45,1312.65,0.41
P2378,Handicraft,North China,Summer,0,101,1198.0,0,26-35,High,4.9,245,2763.19,0.41
P2379,Textile,South China,Summer,0,101,3371.52,0,36-50,Low,4.9,257,542.83,0.42
P2380,Folk Painting,North China,Autumn,0,94,4573.87,1,26-35,Medium,3.7,469,2376.1,0.59
P2381,Folk Painting,East China,Autumn,0,97,2241.28,1,50+,High,1.5,109,970.43,0.27
P2382,Handicraft,East China,Autumn,0,105,1585.74,1,18-25,Low,2.1,236,1134.84,0.4
P2383,Musical Instrument,North China,Autumn,0,91,1426.63,1,26-35,Medium,3.1,128,1897.46,0.36
P2384,Textile,West China,Autumn,0,101,216.16,1,50+,Low,4.4,363,3830.6,0.59
P2385,Sculpture,South China,Winter,1,93,2649.55,1,18-25,Medium,1.7,205,3745.53,0.61
P2386,Handicraft,West China,Autumn,0,104,4942.36,0,36-50,Medium,1.4,97,2133.37,0.14
P2387,Musical Instrument,South China,Spring,0,116,4094.66,0,36-50,High,1.3,45,681.49,0.15
P2388,Sculpture,West China,Summer,0,95,4497.63,0,26-35,High,3.0,323,1475.39,0.33
P2389,Folk Painting,North China,Spring,1,96,3143.7,0,18-25,Low,4.5,37,2576.24,0.54
P2390,Folk Painting,South China,Spring,1,95,2459.09,1,50+,Low,1.2,48,4360.12,0.5
P2391,Sculpture,South China,Winter,0,88,4953.24,0,36-50,Medium,1.8,331,4844.45,0.25
P2392,Handicraft,South China,Autumn,0,104,2291.09,0,36-50,High,3.8,436,3223.61,0.47
P2393,Folk Painting,East China,Summer,0,83,4592.47,0,18-25,Medium,4.3,14,1818.36,0.19
P2394,Textile,East China,Spring,0,87,3833.04,0,50+,Medium,4.2,485,3497.92,0.47
P2395,Sculpture,West China,Autumn,1,91,1721.79,0,36-50,Medium,4.1,150,1747.53,0.57
P2396,Sculpture,North China,Autumn,0,100,2565.0,1,36-50,Medium,1.5,237,3164.82,0.36
P2397,Folk Painting,East China,Winter,1,99,1983.21,0,26-35,Medium,2.6,18,1294.46,0.43
P2398,Handicraft,South China,Winter,0,111,767.49,0,50+,Medium,4.9,368,1408.24,0.51
P2399,Textile,East China,Winter,1,107,1848.16,1,36-50,Low,5.0,487,468.61,1.0
P2400,Handicraft,North China,Summer,0,109,4455.97,1,18-25,High,3.4,66,2158.69,0.39
P2401,Musical Instrument,East China,Spring,1,99,3787.91,0,36-50,High,3.8,292,3129.06,0.65
P2402,Musical Instrument,South China,Winter,1,93,1460.15,0,50+,Medium,4.8,454,3965.1,0.78
P2403,Folk Painting,West China,Winter,1,104,1902.78,0,26-35,Medium,2.8,470,4070.71,0.71
P2404,Folk Painting,South China,Winter,0,98,3120.53,1,36-50,Medium,1.5,499,4962.98,0.5
P2405,Folk Painting,North China,Spring,0,91,2139.09,0,18-25,High,3.7,368,530.0,0.39
P2406,Musical Instrument,West China,Spring,0,106,2564.92,0,36-50,High,4.8,187,2516.37,0.39
P2407,Handicraft,East China,Winter,0,115,3521.03,0,18-25,Medium,3.8,485,2654.74,0.53
P2408,Handicraft,East China,Winter,0,107,2389.53,1,50+,High,4.2,91,4042.21,0.45
P2409,Folk Painting,East China,Autumn,0,96,1035.75,0,26-35,Medium,2.7,427,1405.16,0.38
P2410,Textile,West China,Winter,0,101,2650.81,0,50+,Medium,1.4,94,439.92,0.13
P2411,Handicraft,South China,Summer,0,88,1844.98,1,36-50,Medium,1.7,74,1637.42,0.24
P2412,Musical Instrument,West China,Summer,0,93,1524.6,0,36-50,Low,4.9,438,4921.25,0.5
P2413,Sculpture,West China,Winter,0,97,1707.73,0,26-35,High,3.0,352,4507.26,0.36
P2414,Sculpture,North China,Spring,0,100,2251.11,0,18-25,High,1.0,299,2036.71,0.22
P2415,Sculpture,West China,Autumn,0,86,4444.4,0,50+,High,4.8,365,4393.73,0.43
P2416,Textile,East China,Spring,0,109,3696.88,1,18-25,Medium,3.0,466,260.5,0.6
P2417,Folk Painting,South China,Winter,0,92,3372.62,0,36-50,Low,4.3,145,1639.6,0.3
P2418,Musical Instrument,South China,Summer,1,112,2409.18,1,18-25,Medium,3.2,259,3661.38,0.78
P2419,Textile,South China,Autumn,1,101,108.97,0,50+,Medium,1.4,103,1185.12,0.42
P2420,Musical Instrument,East China,Spring,1,86,1768.7,0,18-25,Medium,3.5,57,1072.12,0.46
P2421,Musical Instrument,East China,Spring,1,102,4084.64,0,36-50,Low,5.0,429,4322.86,0.81
P2422,Folk Painting,East China,Winter,0,85,2002.04,1,50+,Medium,1.1,109,3118.17,0.22
P2423,Sculpture,East China,Autumn,0,76,2862.71,0,18-25,Medium,4.4,347,4946.21,0.37
P2424,Folk Painting,East China,Summer,0,87,1103.23,0,18-25,Low,1.9,203,759.88,0.18
P2425,Textile,West China,Winter,0,109,4587.7,1,50+,Medium,2.6,126,1845.03,0.38
P2426,Textile,East China,Autumn,0,98,4623.54,1,36-50,Medium,2.5,276,1624.95,0.43
P2427,Textile,East China,Spring,0,103,815.74,0,50+,High,4.6,317,4412.65,0.44
P2428,Folk Painting,East China,Winter,0,82,3648.38,0,36-50,Low,3.0,173,1350.95,0.21
P2429,Musical Instrument,East China,Spring,0,116,468.67,0,18-25,High,2.8,488,1831.96,0.48
P2430,Musical Instrument,South China,Spring,1,97,3032.88,1,50+,Medium,4.3,296,799.89,0.82
P2431,Handicraft,East China,Winter,0,101,975.4,0,36-50,Low,1.2,33,3899.46,0.09
P2432,Textile,West China,Winter,0,115,813.96,0,50+,Low,1.3,414,1264.75,0.35
P2433,Musical Instrument,West China,Winter,0,106,120.19,0,18-25,Medium,1.1,105,434.77,0.14
P2434,Handicraft,West China,Winter,0,106,4710.2,0,50+,High,3.8,263,2232.03,0.38
P2435,Musical Instrument,North China,Winter,0,102,4163.34,0,18-25,Medium,3.1,423,2018.14,0.42
P2436,Textile,South China,Spring,1,115,479.63,0,18-25,Low,4.5,130,970.29,0.65
P2437,Sculpture,East China,Summer,0,90,3036.94,0,18-25,Low,3.0,81,754.63,0.18
P2438,Textile,North China,Summer,0,117,1241.2,0,36-50,Medium,1.9,362,4493.13,0.36
P2439,Folk Painting,East China,Winter,0,108,1393.68,0,36-50,Medium,4.2,380,432.44,0.47
P2440,Musical Instrument,North China,Spring,0,116,4383.43,1,26-35,Medium,2.2,73,586.62,0.35
P2441,Musical Instrument,North China,Summer,1,96,660.2,0,36-50,Medium,4.7,252,1300.73,0.67
P2442,Folk Painting,West China,Summer,0,116,3047.3,0,26-35,High,2.0,136,4768.91,0.24
P2443,Folk Painting,West China,Summer,1,102,2066.15,0,50+,High,1.7,382,518.38,0.6
P2444,Sculpture,North China,Spring,1,104,1034.92,1,18-25,High,3.0,48,4098.47,0.63
P2445,Musical Instrument,West China,Winter,1,90,2314.4,1,36-50,High,1.2,394,4471.06,0.68
P2446,Musical Instrument,North China,Winter,0,95,4708.4,1,18-25,Low,1.1,362,1951.55,0.39
P2447,Sculpture,South China,Winter,0,105,3929.89,0,26-35,Low,3.0,435,1540.08,0.43
P2448,Handicraft,West China,Autumn,0,84,747.35,0,36-50,High,1.9,86,3419.15,0.1
P2449,Sculpture,West China,Autumn,0,84,4262.21,1,36-50,Medium,1.0,479,3542.91,0.42
P2450,Textile,West China,Autumn,1,95,4693.46,0,36-50,Low,2.2,14,3921.89,0.4
P2451,Musical Instrument,South China,Spring,1,117,1457.12,1,36-50,Medium,2.9,149,4169.78,0.72
P2452,Folk Painting,North China,Summer,1,106,1733.76,1,18-25,High,2.6,261,1415.14,0.73
P2453,Textile,East China,Summer,1,108,718.92,0,36-50,Low,1.5,166,3466.11,0.48
P2454,Musical Instrument,West China,Spring,0,99,1790.21,0,26-35,Low,3.3,268,761.04,0.33
P2455,Sculpture,North China,Spring,0,94,3398.39,1,36-50,Low,3.8,326,2602.58,0.52
P2456,Textile,South China,Winter,0,98,1433.56,0,26-35,Low,3.7,444,3103.15,0.45
P2457,Musical Instrument,East China,Winter,1,92,133.44,0,26-35,High,2.6,429,892.49,0.64
P2458,Handicraft,West China,Autumn,1,103,1758.87,0,18-25,Low,1.6,376,474.88,0.59
P2459,Handicraft,South China,Autumn,0,96,2320.55,0,36-50,High,3.0,246,1054.26,0.29
P2460,Folk Painting,South China,Spring,1,92,2875.14,0,26-35,Low,4.6,84,2160.88,0.56
P2461,Musical Instrument,East China,Autumn,1,85,3450.74,0,36-50,High,2.9,483,4450.42,0.67
P2462,Handicraft,North China,Summer,1,104,402.74,0,18-25,High,1.8,395,2706.38,0.62
P2463,Sculpture,West China,Spring,1,106,2401.78,1,18-25,Medium,1.4,38,3767.62,0.54
P2464,Musical Instrument,West China,Spring,0,94,1405.18,0,36-50,High,4.8,50,953.31,0.28
P2465,Sculpture,North China,Summer,0,110,4745.05,0,26-35,Medium,4.0,38,619.29,0.27
P2466,Sculpture,North China,Winter,0,109,1863.5,0,50+,Low,2.3,109,1274.13,0.22
P2467,Handicraft,North China,Winter,0,97,590.61,0,50+,Medium,2.2,329,1638.01,0.3
P2468,Musical Instrument,East China,Summer,0,119,303.31,0,18-25,High,4.6,67,2785.7,0.35
P2469,Textile,East China,Summer,0,99,1400.49,0,26-35,Medium,1.7,220,4418.09,0.21
P2470,Handicraft,West China,Autumn,1,91,976.51,1,50+,Low,3.1,147,2187.85,0.65
P2471,Handicraft,East China,Spring,0,101,3284.02,0,26-35,Medium,3.9,20,2642.11,0.23
P2472,Musical Instrument,South China,Autumn,1,106,4250.14,0,36-50,High,2.6,400,122.61,0.67
P2473,Musical Instrument,West China,Summer,0,100,1631.54,1,18-25,High,1.2,342,263.23,0.4
P2474,Sculpture,East China,Autumn,0,96,2931.18,0,36-50,Low,1.9,498,510.47,0.37
P2475,Musical Instrument,North China,Summer,0,106,3678.5,0,36-50,Low,4.6,373,3525.07,0.49
P2476,Sculpture,South China,Autumn,0,92,2052.59,1,36-50,Medium,3.1,198,2482.34,0.4
P2477,Handicraft,North China,Autumn,0,97,425.0,0,26-35,Low,4.3,459,1045.51,0.49
P2478,Folk Painting,West China,Winter,0,120,1223.01,1,50+,High,3.2,103,3003.74,0.44
P2479,Textile,North China,Summer,0,109,4427.02,1,36-50,Medium,4.8,351,2768.6,0.63
P2480,Handicraft,East China,Autumn,0,94,4139.95,0,18-25,Medium,4.6,190,535.12,0.34
P2481,Musical Instrument,East China,Spring,0,110,524.01,1,26-35,Medium,2.9,330,3238.02,0.52
P2482,Textile,West China,Autumn,1,94,1197.35,1,50+,Medium,2.3,292,3859.06,0.7
P2483,Folk Painting,North China,Autumn,0,103,3868.91,1,36-50,Low,3.4,400,1504.12,0.56
P2484,Folk Painting,West China,Spring,0,107,2480.9,1,18-25,Medium,3.7,330,3468.7,0.55
P2485,Sculpture,North China,Summer,1,82,3823.84,1,36-50,Medium,3.0,67,1078.63,0.57
P2486,Textile,South China,Winter,0,98,1134.35,0,50+,Medium,4.3,34,3807.97,0.25
P2487,Sculpture,East China,Winter,1,125,4768.22,0,50+,High,1.7,313,4567.69,0.63
P2488,Handicraft,West China,Winter,1,99,3939.68,0,36-50,High,2.3,269,2265.15,0.56
P2489,Textile,South China,Spring,1,100,1067.52,0,36-50,Low,3.7,487,1298.65,0.76
P2490,Handicraft,South China,Autumn,0,116,2836.4,1,26-35,High,2.0,401,2055.97,0.53
P2491,Sculpture,West China,Summer,1,104,654.18,0,50+,High,2.8,222,1325.38,0.57
P2492,Textile,West China,Autumn,1,99,1871.03,1,50+,Low,4.9,124,106.07,0.76
P2493,Sculpture,South China,Winter,0,81,3332.14,0,36-50,Low,3.5,461,3287.24,0.4
P2494,Textile,North China,Autumn,0,98,1717.63,0,18-25,Medium,4.8,197,308.38,0.37
P2495,Sculpture,South China,Spring,0,94,3318.12,0,36-50,Medium,3.9,269,1130.91,0.35
P2496,Folk Painting,West China,Spring,1,105,1299.42,0,36-50,Low,3.9,145,3640.0,0.6
P2497,Sculpture,South China,Summer,0,110,3633.91,1,50+,Medium,3.4,499,3362.05,0.64
P2498,Folk Painting,North China,Summer,1,83,1861.99,0,26-35,Medium,1.6,99,459.31,0.37
P2499,Sculpture,East China,Winter,0,101,3973.36,0,36-50,Medium,3.1,230,3334.27,0.3
P2500,Textile,East China,Summer,1,87,769.78,0,18-25,Low,2.0,25,4659.82,0.37
P2501,Textile,South China,Autumn,0,107,1873.69,0,18-25,High,5.0,156,465.06,0.39
P2502,Textile,North China,Spring,0,99,2373.27,0,36-50,High,2.1,394,2136.87,0.33
P2503,Musical Instrument,East China,Spring,0,98,2176.84,0,18-25,Low,1.9,110,3674.23,0.16
P2504,Handicraft,South China,Spring,0,93,2222.16,0,18-25,Low,3.5,427,3371.84,0.41
P2505,Textile,South China,Summer,0,100,2279.54,0,36-50,Medium,3.0,486,1209.9,0.44
P2506,Folk Painting,North China,Spring,0,99,4945.14,0,18-25,Low,1.1,228,899.03,0.18
P2507,Textile,West China,Spring,0,95,1046.47,1,18-25,Low,1.5,377,3942.81,0.42
P2508,Musical Instrument,South China,Spring,1,100,3866.45,0,36-50,Low,4.2,54,4785.6,0.55
P2509,Folk Painting,West China,Winter,1,114,2803.77,0,50+,Low,2.9,72,3861.16,0.53
P2510,Musical Instrument,West China,Winter,0,100,2126.78,1,26-35,Medium,1.6,359,4819.7,0.43
P2511,Folk Painting,East China,Summer,0,112,3204.29,1,26-35,Medium,2.9,399,3064.48,0.56
P2512,Sculpture,West China,Spring,0,104,4282.3,1,50+,Low,2.0,301,4652.58,0.43
P2513,Handicraft,North China,Summer,1,97,2386.53,1,36-50,Low,1.9,386,3483.13,0.73
P2514,Handicraft,East China,Spring,0,89,4337.53,0,50+,High,4.8,368,4553.54,0.44
P2515,Musical Instrument,East China,Spring,0,90,559.61,0,26-35,High,2.4,75,891.79,0.14
P2516,Handicraft,East China,Spring,0,101,3300.11,0,26-35,Low,1.2,128,4096.27,0.14
P2517,Musical Instrument,South China,Summer,1,103,1732.58,1,26-35,High,4.9,243,1064.05,0.84
P2518,Musical Instrument,South China,Summer,0,93,1994.91,0,26-35,High,4.2,471,234.4,0.48
P2519,Musical Instrument,West China,Spring,1,111,2898.0,0,36-50,Medium,2.0,17,2636.17,0.43
P2520,Handicraft,East China,Autumn,0,90,2451.59,1,26-35,Medium,2.6,204,1659.43,0.37
P2521,Musical Instrument,East China,Summer,0,96,1970.72,0,26-35,Medium,4.4,236,313.3,0.37
P2522,Handicraft,North China,Winter,0,94,1610.78,0,36-50,High,2.4,36,4903.49,0.13
P2523,Musical Instrument,West China,Summer,0,107,3129.74,0,50+,Low,3.3,299,3365.68,0.37
P2524,Textile,North China,Spring,0,113,2577.34,0,36-50,Medium,3.1,37,4518.88,0.23
P2525,Musical Instrument,West China,Autumn,0,88,1684.21,0,26-35,High,2.6,168,4995.5,0.2
P2526,Folk Painting,West China,Spring,0,99,1104.31,0,18-25,Low,3.6,154,2020.64,0.28
P2527,Musical Instrument,South China,Winter,0,97,3894.89,1,36-50,Medium,2.9,476,1348.21,0.56
P2528,Sculpture,South China,Summer,0,104,4018.6,1,36-50,High,1.1,243,1001.03,0.35
P2529,Musical Instrument,North China,Summer,1,94,1147.56,1,50+,Medium,4.3,117,2624.42,0.71
P2530,Folk Painting,West China,Spring,0,113,1382.08,1,26-35,High,1.5,388,3069.8,0.48
P2531,Folk Painting,East China,Spring,0,90,1271.8,0,18-25,Medium,2.9,448,2414.87,0.38
P2532,Handicraft,South China,Winter,0,99,4434.39,0,36-50,High,3.3,212,1997.53,0.3
P2533,Textile,East China,Autumn,0,89,3893.24,0,36-50,Low,3.8,274,924.54,0.33
P2534,Musical Instrument,North China,Winter,0,103,465.41,0,36-50,Medium,2.6,487,2265.11,0.43
P2535,Handicraft,South China,Autumn,0,109,4180.06,1,18-25,Medium,3.9,322,517.69,0.57
P2536,Textile,South China,Summer,0,104,280.57,1,36-50,High,1.5,310,4338.73,0.41
P2537,Musical Instrument,West China,Autumn,0,102,1340.68,0,36-50,Low,3.6,399,329.82,0.43
P2538,Sculpture,North China,Autumn,1,86,4603.06,0,18-25,Low,4.3,407,1965.17,0.71
P2539,Musical Instrument,West China,Summer,0,106,4335.22,0,36-50,Medium,4.6,424,590.68,0.51
P2540,Folk Painting,South China,Summer,0,120,3929.03,0,18-25,High,3.3,447,3897.4,0.5
P2541,Folk Painting,North China,Summer,0,120,2341.98,1,50+,Medium,2.3,20,1632.41,0.34
P2542,Sculpture,South China,Winter,0,122,1674.93,1,18-25,High,1.7,334,654.22,0.49
P2543,Handicraft,North China,Summer,1,99,4419.57,1,50+,Low,2.4,104,2704.31,0.61
P2544,Textile,South China,Spring,0,92,3319.66,1,18-25,Medium,3.2,139,4589.76,0.37
P2545,Musical Instrument,East China,Summer,0,109,1547.99,0,26-35,High,1.8,112,4552.36,0.19
P2546,Folk Painting,East China,Summer,0,100,2369.66,1,36-50,Low,4.8,282,1323.29,0.57
P2547,Handicraft,West China,Summer,0,104,4419.35,1,50+,High,4.6,495,3626.33,0.69
P2548,Sculpture,East China,Autumn,0,119,4526.93,0,36-50,Medium,1.1,119,248.39,0.18
P2549,Folk Painting,South China,Winter,0,106,3330.58,0,36-50,High,3.2,301,746.07,0.37
P2550,Sculpture,South China,Summer,0,114,3689.52,1,18-25,Medium,4.2,140,2547.41,0.5
P2551,Musical Instrument,East China,Winter,0,112,292.56,0,26-35,Low,2.0,200,1220.91,0.26
P2552,Textile,West China,Spring,0,108,3062.54,0,18-25,High,3.1,308,4011.48,0.37
P2553,Folk Painting,East China,Spring,0,77,3476.06,0,36-50,Low,2.6,102,4662.25,0.13
P2554,Folk Painting,North China,Summer,0,90,199.85,1,18-25,Low,1.8,298,121.23,0.38
P2555,Musical Instrument,North China,Spring,1,97,4234.91,0,50+,Medium,3.5,215,1241.29,0.59
P2556,Handicraft,North China,Winter,0,103,4648.6,0,26-35,Medium,5.0,367,2253.81,0.49
P2557,Textile,East China,Autumn,0,122,1265.89,1,36-50,Low,2.5,38,2859.09,0.37
P2558,Folk Painting,East China,Summer,0,89,4244.4,1,18-25,Medium,3.2,416,4587.92,0.52
P2559,Textile,East China,Spring,0,106,3361.01,1,50+,Low,2.3,196,4470.23,0.4
P2560,Folk Painting,North China,Winter,0,103,2945.41,0,26-35,Medium,4.5,346,3222.13,0.46
P2561,Textile,West China,Winter,1,111,4231.32,0,18-25,Medium,4.5,186,1361.2,0.67
P2562,Sculpture,South China,Spring,1,91,1499.49,0,18-25,High,1.7,448,3938.11,0.6
P2563,Folk Painting,East China,Winter,0,98,3975.2,0,36-50,High,4.6,340,1092.99,0.44
P2564,Textile,West China,Winter,0,105,1641.15,1,50+,Medium,1.6,165,4829.34,0.34
P2565,Handicraft,South China,Summer,0,114,3958.54,1,26-35,Low,1.4,255,128.62,0.4
P2566,Sculpture,South China,Winter,0,95,2310.16,0,18-25,Low,3.6,208,2891.88,0.3
P2567,Sculpture,South China,Spring,1,105,673.03,0,26-35,Low,2.5,118,533.15,0.5
P2568,Handicraft,West China,Summer,0,115,1969.45,0,50+,Medium,3.1,369,2097.24,0.43
P2569,Textile,West China,Spring,0,105,1244.12,0,36-50,Medium,3.6,81,3211.17,0.26
P2570,Musical Instrument,North China,Autumn,0,99,592.6,0,36-50,Low,1.2,498,3479.03,0.34
P2571,Handicraft,West China,Spring,0,108,640.41,1,36-50,High,2.2,230,3949.29,0.42
P2572,Textile,West China,Spring,1,95,3922.35,1,26-35,High,2.8,290,3007.31,0.73
P2573,Handicraft,West China,Summer,0,92,4418.85,1,26-35,Low,2.1,400,1331.46,0.46
P2574,Handicraft,South China,Winter,0,121,4642.93,0,18-25,Medium,1.2,386,4457.34,0.35
P2575,Folk Painting,East China,Spring,0,86,4284.34,0,50+,Medium,1.3,223,4074.43,0.15
P2576,Textile,North China,Summer,1,107,4168.1,1,50+,Low,4.2,466,884.26,0.94
P2577,Musical Instrument,East China,Autumn,1,107,437.3,0,50+,High,4.6,84,4149.9,0.61
P2578,Folk Painting,East China,Summer,0,109,3971.61,0,26-35,Low,1.6,427,4865.96,0.36
P2579,Handicraft,West China,Summer,0,92,3938.09,0,36-50,Low,2.0,484,3222.37,0.36
P2580,Handicraft,North China,Winter,0,101,743.32,1,50+,Low,3.6,251,1480.85,0.49
P2581,Handicraft,East China,Spring,0,119,3343.85,1,18-25,High,4.8,159,3072.31,0.56
P2582,Textile,East China,Autumn,0,91,2317.29,1,26-35,Low,2.2,332,1778.42,0.42
P2583,Textile,North China,Summer,0,113,4510.07,0,36-50,High,4.4,187,3412.14,0.39
P2584,Folk Painting,West China,Spring,0,92,3507.5,1,50+,Medium,3.0,185,2769.52,0.39
P2585,Musical Instrument,East China,Spring,0,103,4759.84,1,36-50,High,4.8,113,4654.5,0.48
P2586,Folk Painting,South China,Summer,1,89,614.12,0,18-25,High,1.5,128,3127.75,0.4
P2587,Sculpture,East China,Spring,0,126,298.98,1,50+,Low,4.9,209,1148.51,0.61
P2588,Handicraft,South China,Summer,0,94,4870.54,0,50+,Medium,2.8,79,3653.04,0.18
P2589,Handicraft,West China,Summer,0,107,492.94,1,36-50,Low,4.8,66,1574.3,0.47
P2590,Handicraft,East China,Summer,0,105,1992.36,1,26-35,High,2.8,418,1434.72,0.55
P2591,Folk Painting,North China,Autumn,0,107,3284.86,0,36-50,High,3.1,75,2019.71,0.24
P2592,Folk Painting,North China,Summer,1,96,4412.28,0,18-25,Low,4.2,409,158.78,0.73
P2593,Handicraft,East China,Winter,0,93,1347.43,0,36-50,Medium,3.9,67,4848.79,0.23
P2594,Folk Painting,West China,Spring,1,96,242.39,1,36-50,High,3.5,126,2708.42,0.68
P2595,Textile,West China,Autumn,0,113,2654.31,0,50+,High,2.7,434,3890.12,0.43
P2596,Textile,North China,Spring,0,110,2408.45,1,26-35,High,4.2,316,1363.48,0.58
P2597,Folk Painting,East China,Autumn,0,102,1603.78,0,26-35,Medium,4.8,30,3758.43,0.29
P2598,Handicraft,West China,Winter,0,90,4382.11,1,26-35,Low,1.0,88,2879.14,0.21
P2599,Folk Painting,North China,Autumn,0,113,3771.68,0,26-35,Medium,3.4,321,2178.31,0.41
P2600,Folk Painting,South China,Autumn,1,92,4304.77,0,36-50,Medium,4.5,363,4856.28,0.71
P2601,Folk Painting,East China,Autumn,1,115,892.86,1,50+,High,3.6,56,2519.83,0.7
P2602,Sculpture,South China,Spring,1,95,3492.82,0,50+,Medium,4.2,383,3321.55,0.72
P2603,Textile,South China,Summer,1,108,4878.0,0,26-35,High,4.6,180,175.18,0.66
P2604,Musical Instrument,West China,Spring,1,91,3098.38,0,36-50,Medium,4.0,93,1577.13,0.53
P2605,Musical Instrument,West China,Summer,0,103,939.69,0,26-35,Medium,3.9,117,4454.59,0.29
P2606,Sculpture,West China,Spring,0,94,4979.32,0,26-35,Low,4.9,296,3818.9,0.42
P2607,Folk Painting,East China,Winter,0,101,2688.79,1,50+,Medium,4.5,280,2730.09,0.55
P2608,Sculpture,South China,Winter,0,100,4216.29,1,50+,Low,4.3,185,4510.78,0.48
P2609,Sculpture,East China,Autumn,1,92,831.87,0,26-35,High,1.3,327,2482.48,0.51
P2610,Handicraft,West China,Winter,0,87,3363.87,0,36-50,High,2.0,485,2875.88,0.34
P2611,Textile,South China,Autumn,0,95,4571.83,0,26-35,Low,3.2,79,1972.55,0.21
P2612,Musical Instrument,East China,Summer,1,97,2706.89,1,50+,High,3.8,396,3138.2,0.85
P2613,Folk Painting,East China,Winter,0,109,1514.43,0,50+,High,2.2,175,1663.11,0.25
P2614,Musical Instrument,North China,Summer,0,100,724.37,0,36-50,Medium,1.4,352,1988.91,0.27
P2615,Musical Instrument,East China,Spring,1,113,1550.13,0,26-35,Low,2.2,67,4835.0,0.48
P2616,Textile,West China,Summer,1,89,1838.93,0,26-35,High,4.1,460,645.41,0.74
P2617,Musical Instrument,East China,Spring,0,95,3578.78,1,18-25,Low,4.5,254,615.75,0.52
P2618,Musical Instrument,South China,Summer,1,105,975.24,0,26-35,Medium,4.7,54,312.25,0.59
P2619,Sculpture,East China,Summer,1,104,619.91,0,36-50,High,2.5,181,1668.22,0.53
P2620,Textile,North China,Winter,1,109,1996.0,0,50+,High,2.5,273,2051.32,0.6
P2621,Handicraft,South China,Summer,1,93,2347.4,1,18-25,Low,2.6,392,563.13,0.77
P2622,Folk Painting,South China,Winter,0,95,3179.09,1,36-50,High,2.5,75,2790.74,0.31
P2623,Musical Instrument,North China,Winter,0,98,3566.9,0,36-50,Low,3.7,336,2958.18,0.39
P2624,Folk Painting,West China,Autumn,0,89,4457.46,0,18-25,High,2.4,198,3780.03,0.21
P2625,Handicraft,South China,Autumn,0,102,1515.87,1,26-35,Medium,1.1,282,4882.24,0.37
P2626,Folk Painting,West China,Spring,0,100,2690.18,0,18-25,Medium,2.8,80,3134.83,0.2
P2627,Handicraft,South China,Summer,0,107,1893.6,1,36-50,Low,1.9,362,647.09,0.47
P2628,Sculpture,South China,Spring,0,87,106.97,0,26-35,High,1.1,45,533.77,0.04
P2629,Musical Instrument,West China,Summer,0,96,2939.22,0,50+,High,2.9,248,3909.98,0.29
P2630,Handicraft,South China,Autumn,0,104,4097.4,1,18-25,Low,1.8,77,3286.64,0.3
P2631,Folk Painting,West China,Autumn,1,88,278.55,1,36-50,Medium,2.8,117,893.38,0.61
P2632,Musical Instrument,North China,Summer,0,104,117.11,1,26-35,Medium,2.1,217,1341.46,0.39
P2633,Sculpture,West China,Summer,0,99,3666.31,1,36-50,Medium,3.4,286,3776.18,0.49
P2634,Musical Instrument,North China,Autumn,0,95,3450.91,0,26-35,Low,5.0,219,2874.16,0.39
P2635,Handicraft,South China,Autumn,0,95,2088.68,1,26-35,Medium,3.2,311,2966.5,0.48
P2636,Sculpture,West China,Spring,1,98,3341.86,1,18-25,Low,3.6,439,1129.04,0.86
P2637,Folk Painting,South China,Autumn,0,103,4771.59,0,50+,Medium,4.7,357,3182.38,0.47
P2638,Sculpture,West China,Summer,0,73,1314.53,0,26-35,Medium,2.5,116,3876.08,0.12
P2639,Sculpture,North China,Spring,0,97,1305.04,0,36-50,Low,1.7,389,4437.74,0.3
P2640,Textile,North China,Summer,0,94,1012.54,0,26-35,High,2.1,25,3709.91,0.11
P2641,Sculpture,West China,Winter,0,94,3647.54,1,50+,High,2.6,248,2924.24,0.41
P2642,Sculpture,North China,Spring,0,88,1830.63,0,36-50,High,3.6,415,3398.97,0.4
P2643,Musical Instrument,South China,Summer,0,96,4944.6,0,26-35,Medium,1.0,399,2477.05,0.27
P2644,Folk Painting,South China,Autumn,1,106,3601.78,1,26-35,Medium,4.4,231,1211.8,0.82
P2645,Musical Instrument,East China,Winter,0,106,1900.15,0,18-25,High,1.3,449,4422.81,0.34
P2646,Musical Instrument,North China,Summer,0,86,831.01,0,50+,Medium,4.6,265,2709.85,0.36
P2647,Handicraft,South China,Spring,0,91,3000.92,1,26-35,Medium,4.8,310,3012.16,0.56
P2648,Musical Instrument,West China,Summer,0,117,1545.03,0,50+,High,5.0,451,4951.53,0.59
P2649,Textile,North China,Winter,0,89,4536.99,0,26-35,Low,4.2,421,4926.58,0.44
P2650,Textile,South China,Spring,0,93,2262.88,0,36-50,High,1.6,154,2972.92,0.15
P2651,Handicraft,North China,Winter,1,121,1533.98,1,50+,High,3.8,173,266.39,0.8
P2652,Folk Painting,West China,Summer,0,91,2983.9,0,36-50,Low,1.8,21,2041.12,0.08
P2653,Folk Painting,South China,Autumn,1,107,771.18,0,50+,Medium,4.6,59,4692.74,0.59
P2654,Musical Instrument,East China,Autumn,0,90,2851.59,0,36-50,High,2.3,324,1512.7,0.28
P2655,Musical Instrument,East China,Summer,1,98,374.95,1,26-35,High,2.3,369,4996.42,0.75
P2656,Musical Instrument,North China,Summer,0,93,3073.75,0,36-50,Medium,4.7,21,513.16,0.25
P2657,Folk Painting,West China,Summer,1,103,2697.8,1,36-50,Medium,1.1,493,2883.76,0.77
P2658,Sculpture,South China,Spring,0,102,2651.75,1,26-35,Low,1.8,199,2625.7,0.36
P2659,Textile,West China,Winter,1,117,3452.41,0,50+,Medium,2.7,305,1351.23,0.66
P2660,Sculpture,South China,Winter,1,95,317.84,1,36-50,High,3.8,102,4748.17,0.68
P2661,Sculpture,North China,Winter,0,103,2352.68,0,18-25,Medium,3.6,139,3133.94,0.29
P2662,Folk Painting,South China,Summer,0,96,2275.79,0,18-25,Medium,3.7,358,1228.12,0.4
P2663,Sculpture,West China,Winter,1,102,2352.93,1,36-50,Low,4.5,487,1981.84,0.95
P2664,Handicraft,West China,Summer,0,91,4901.47,0,36-50,Low,1.5,493,3634.02,0.33
P2665,Musical Instrument,North China,Spring,0,101,782.46,1,36-50,High,3.1,373,1558.71,0.53
P2666,Handicraft,West China,Autumn,1,82,3483.11,1,50+,High,3.9,418,4410.07,0.82
P2667,Textile,South China,Summer,0,85,2069.78,1,26-35,Medium,3.5,350,911.8,0.49
P2668,Musical Instrument,North China,Summer,0,102,2607.46,0,18-25,High,2.8,223,1396.07,0.29
P2669,Sculpture,South China,Autumn,0,126,3835.73,1,18-25,High,1.1,339,810.0,0.47
P2670,Textile,West China,Autumn,1,107,871.14,0,50+,Medium,1.2,392,610.48,0.59
P2671,Musical Instrument,North China,Spring,0,91,3841.57,0,36-50,Medium,1.5,296,1571.55,0.22
P2672,Sculpture,South China,Winter,0,83,444.62,0,36-50,Medium,2.4,184,4995.98,0.18
P2673,Handicraft,West China,Summer,0,95,2468.22,0,26-35,Low,1.5,453,562.21,0.32
P2674,Musical Instrument,West China,Winter,1,103,3736.15,0,26-35,Low,2.7,210,1143.71,0.56
P2675,Sculpture,East China,Summer,0,94,1043.5,1,18-25,Medium,1.7,114,1430.92,0.28
P2676,Handicraft,West China,Spring,0,97,3877.49,1,26-35,Low,4.1,240,3133.74,0.49
P2677,Textile,South China,Autumn,0,111,917.38,1,18-25,Low,4.5,107,3752.19,0.49
P2678,Textile,North China,Spring,1,85,4016.27,0,50+,Low,2.6,112,3784.48,0.44
P2679,Textile,East China,Autumn,1,102,2397.78,0,36-50,High,3.0,50,142.32,0.48
P2680,Textile,West China,Winter,0,104,3454.73,1,36-50,Medium,4.8,443,3294.07,0.67
P2681,Folk Painting,West China,Winter,0,104,4595.29,1,18-25,Medium,3.1,160,3190.61,0.42
P2682,Musical Instrument,West China,Spring,1,92,2101.27,1,36-50,High,5.0,277,2636.51,0.83
P2683,Musical Instrument,South China,Autumn,0,126,1241.49,1,50+,Low,1.6,336,1958.12,0.5
P2684,Folk Painting,East China,Spring,0,98,4349.1,0,26-35,Medium,4.4,361,4007.48,0.44
P2685,Sculpture,South China,Autumn,1,108,891.92,0,50+,Low,3.0,476,1785.02,0.74
P2686,Sculpture,East China,Autumn,1,94,3194.23,0,36-50,High,1.1,287,1227.06,0.48
P2687,Textile,North China,Winter,0,88,4623.94,0,50+,Low,4.9,65,1619.47,0.27
P2688,Handicraft,South China,Winter,0,88,3404.54,1,36-50,High,4.9,25,2254.27,0.39
P2689,Sculpture,South China,Autumn,0,73,1058.84,0,18-25,High,2.5,451,1148.88,0.31
P2690,Handicraft,North China,Autumn,0,106,846.19,0,26-35,Low,4.8,465,3077.1,0.55
P2691,Musical Instrument,East China,Autumn,1,109,1336.3,0,26-35,Low,1.6,231,4432.63,0.53
P2692,Handicraft,West China,Winter,1,115,2017.89,0,36-50,Medium,3.7,188,3017.75,0.64
P2693,Musical Instrument,North China,Winter,1,107,879.88,0,36-50,High,1.8,143,2288.67,0.48
P2694,Folk Painting,West China,Summer,0,96,4009.29,0,26-35,Low,2.0,267,4004.66,0.25
P2695,Folk Painting,West China,Autumn,0,96,1849.47,1,50+,Low,4.1,71,3765.39,0.4
P2696,Textile,North China,Summer,0,102,4686.83,0,50+,Medium,2.5,491,1898.58,0.42
P2697,Sculpture,East China,Autumn,0,119,4228.21,0,50+,Medium,1.0,486,3060.35,0.39
P2698,Textile,West China,Winter,1,103,4553.21,0,26-35,Medium,2.7,497,3676.23,0.72
P2699,Musical Instrument,North China,Summer,0,91,1543.01,0,18-25,High,1.9,132,1302.77,0.15
P2700,Textile,South China,Summer,0,103,2911.28,0,36-50,Medium,3.7,51,1894.74,0.24
P2701,Handicraft,South China,Spring,0,96,1675.1,1,36-50,High,1.8,382,618.3,0.44
P2702,Musical Instrument,South China,Autumn,1,104,1359.05,0,26-35,Medium,4.4,382,4939.63,0.75
P2703,Folk Painting,North China,Winter,1,115,3074.73,1,18-25,High,2.1,308,520.8,0.76
P2704,Sculpture,South China,Spring,1,87,4108.18,0,26-35,Medium,2.6,61,926.17,0.42
P2705,Musical Instrument,West China,Spring,0,94,558.63,0,50+,High,2.2,388,2451.18,0.32
P2706,Musical Instrument,South China,Autumn,0,99,1451.27,1,50+,Medium,3.6,451,4339.83,0.59
P2707,Handicraft,South China,Spring,0,103,1105.16,0,36-50,Medium,1.4,413,1843.82,0.32
P2708,Sculpture,West China,Autumn,0,110,4011.92,0,36-50,Low,2.9,321,3866.12,0.37
P2709,Folk Painting,South China,Spring,0,101,4673.52,0,36-50,High,2.3,76,3412.57,0.17
P2710,Musical Instrument,West China,Autumn,0,106,491.72,0,36-50,Low,4.5,68,3229.45,0.31
P2711,Musical Instrument,South China,Winter,0,93,1958.15,0,50+,High,1.3,313,4240.58,0.23
P2712,Handicraft,West China,Autumn,0,101,4581.09,1,50+,Low,4.3,44,169.43,0.41
P2713,Textile,South China,Autumn,0,102,1788.73,0,18-25,Medium,1.7,145,4652.85,0.18
P2714,Folk Painting,West China,Summer,0,102,3592.04,1,36-50,Low,1.4,85,4163.21,0.27
P2715,Sculpture,North China,Winter,0,105,593.27,0,26-35,Medium,1.8,251,4695.55,0.26
P2716,Musical Instrument,West China,Winter,0,112,2277.5,0,18-25,High,1.4,297,3988.58,0.28
P2717,Musical Instrument,South China,Winter,0,107,2566.17,0,18-25,Medium,3.1,230,4405.1,0.32
P2718,Folk Painting,South China,Spring,0,102,3812.55,0,50+,Low,5.0,310,1095.08,0.46
P2719,Textile,East China,Summer,1,105,1515.24,0,36-50,High,1.1,94,1664.22,0.41
P2720,Musical Instrument,West China,Winter,1,99,1394.52,0,18-25,Low,2.8,132,1644.58,0.51
P2721,Folk Painting,North China,Spring,0,118,1584.54,1,36-50,Medium,2.5,204,634.92,0.45
P2722,Handicraft,West China,Spring,0,110,2822.91,1,50+,Medium,2.4,111,3674.94,0.37
P2723,Textile,West China,Spring,0,116,4392.42,1,18-25,Low,2.3,292,767.24,0.48
P2724,Sculpture,North China,Summer,1,106,4171.61,0,18-25,High,4.6,384,357.29,0.77
P2725,Musical Instrument,West China,Spring,1,101,383.93,1,26-35,Low,1.1,12,3899.69,0.49
P2726,Folk Painting,North China,Summer,0,91,4406.88,0,50+,Medium,4.1,322,4532.85,0.38
P2727,Handicraft,North China,Autumn,0,104,566.04,1,26-35,High,2.0,458,3844.2,0.52
P2728,Sculpture,West China,Spring,0,86,2135.21,0,50+,Low,2.5,256,4144.23,0.24
P2729,Folk Painting,West China,Winter,0,94,3850.48,0,26-35,Medium,2.7,157,3018.55,0.22
P2730,Folk Painting,South China,Spring,0,98,499.4,1,50+,High,2.2,208,4449.96,0.37
P2731,Sculpture,South China,Autumn,0,97,297.96,0,50+,Low,1.4,130,2533.85,0.14
P2732,Handicraft,East China,Autumn,0,98,1716.98,1,18-25,High,1.5,178,4942.78,0.32
P2733,Handicraft,East China,Spring,0,87,3676.64,0,26-35,Medium,2.2,10,606.73,0.09
P2734,Textile,West China,Autumn,1,101,2656.61,0,26-35,Low,4.3,339,4064.99,0.72
P2735,Musical Instrument,North China,Summer,1,88,2143.31,1,26-35,Low,1.5,118,3242.81,0.53
P2736,Sculpture,East China,Summer,0,118,4084.06,1,18-25,Medium,4.0,469,2945.17,0.68
P2737,Sculpture,West China,Spring,0,88,3856.88,1,36-50,Medium,2.2,397,3656.47,0.45
P2738,Sculpture,East China,Summer,0,79,3951.61,0,50+,Medium,4.5,336,4217.43,0.38
P2739,Handicraft,North China,Summer,0,109,2352.66,0,26-35,Low,2.7,19,4328.13,0.19
P2740,Musical Instrument,West China,Winter,0,104,195.3,0,50+,Medium,1.7,479,959.37,0.38
P2741,Textile,North China,Spring,0,89,943.47,0,18-25,Low,4.9,136,1065.48,0.32
P2742,Folk Painting,West China,Autumn,1,110,3732.37,1,50+,Low,1.7,482,179.22,0.82
P2743,Folk Painting,East China,Spring,0,91,3790.55,0,18-25,High,3.3,166,746.03,0.25
P2744,Sculpture,South China,Summer,0,110,4864.26,0,36-50,Medium,3.3,240,1393.02,0.35
P2745,Musical Instrument,East China,Winter,0,94,1031.91,1,26-35,Medium,2.5,24,3633.08,0.27
P2746,Handicraft,East China,Spring,0,91,702.34,0,18-25,High,4.8,284,2431.26,0.4
P2747,Musical Instrument,South China,Spring,0,102,780.07,1,50+,Low,4.4,496,3813.73,0.67
P2748,Musical Instrument,South China,Summer,1,92,1005.46,1,18-25,Low,4.3,451,2484.03,0.89
P2749,Handicraft,West China,Summer,1,99,2689.49,0,18-25,Low,4.9,375,2822.43,0.76
P2750,Sculpture,West China,Spring,0,106,4878.54,0,36-50,Medium,2.8,446,644.23,0.42
P2751,Musical Instrument,North China,Summer,0,86,2988.21,0,26-35,Low,1.4,55,3905.14,0.06
P2752,Folk Painting,North China,Summer,1,111,2661.17,1,18-25,High,4.1,283,3814.82,0.84
P2753,Handicraft,East China,Summer,0,72,3399.45,0,18-25,Low,2.5,115,1607.05,0.12
P2754,Textile,South China,Summer,1,115,462.26,1,50+,Medium,1.8,12,1710.03,0.57
P2755,Sculpture,North China,Summer,0,101,4095.24,0,18-25,Medium,2.9,335,1176.44,0.35
P2756,Handicraft,East China,Winter,0,95,3269.71,1,18-25,Low,4.7,262,4087.81,0.53
P2757,Textile,South China,Summer,0,113,938.84,1,26-35,Low,1.7,31,3760.33,0.29
P2758,Textile,West China,Autumn,0,86,3190.51,1,26-35,Medium,4.4,64,3084.82,0.38
P2759,Musical Instrument,East China,Spring,1,89,3021.42,0,50+,Low,2.7,383,1270.23,0.61
P2760,Musical Instrument,West China,Winter,0,93,417.78,0,18-25,High,1.5,457,942.08,0.32
P2761,Musical Instrument,North China,Winter,0,97,1407.97,0,18-25,Medium,4.4,306,346.32,0.41
P2762,Handicraft,North China,Summer,0,101,2015.61,0,18-25,Low,4.9,119,323.5,0.34
P2763,Handicraft,South China,Spring,1,114,1299.95,0,36-50,Low,2.2,382,1016.97,0.66
P2764,Sculpture,East China,Autumn,0,86,1291.49,1,36-50,Low,2.2,232,592.61,0.35
P2765,Musical Instrument,West China,Summer,1,123,2907.45,1,50+,High,2.6,478,2824.93,0.91
P2766,Textile,South China,Spring,0,103,2407.21,0,36-50,Medium,4.3,257,1854.64,0.39
P2767,Folk Painting,North China,Summer,0,89,3369.73,1,50+,High,1.0,145,2280.23,0.24
P2768,Sculpture,North China,Summer,0,95,4786.39,0,18-25,Low,1.9,330,3010.93,0.28
P2769,Handicraft,East China,Summer,0,92,3336.72,0,36-50,High,3.8,396,3329.6,0.41
P2770,Sculpture,West China,Summer,0,120,2952.27,1,26-35,Low,2.6,422,3276.19,0.58
P2771,Sculpture,East China,Summer,0,95,4253.04,1,36-50,Low,2.3,255,1378.2,0.4
P2772,Sculpture,West China,Summer,0,94,3197.16,0,18-25,Medium,4.5,79,4067.17,0.28
P2773,Sculpture,West China,Summer,0,106,911.25,1,26-35,Medium,4.7,490,4596.78,0.7
P2774,Folk Painting,East China,Autumn,0,112,1642.27,1,50+,Low,4.8,27,1648.1,0.46
P2775,Musical Instrument,South China,Winter,0,105,3693.47,0,18-25,Low,2.1,499,183.62,0.41
P2776,Textile,East China,Autumn,1,89,3718.07,0,26-35,Low,4.7,195,4505.86,0.62
P2777,Sculpture,East China,Summer,0,94,4936.34,1,36-50,Medium,3.9,126,4625.39,0.41
P2778,Sculpture,North China,Summer,1,97,3172.18,1,50+,Medium,1.6,266,349.64,0.65
P2779,Sculpture,North China,Autumn,0,107,4507.77,0,36-50,Low,3.4,287,124.29,0.37
P2780,Musical Instrument,East China,Autumn,0,106,367.44,0,26-35,Medium,1.1,104,4100.38,0.14
P2781,Handicraft,East China,Winter,0,95,2874.49,1,26-35,Low,3.8,416,1577.17,0.57
P2782,Handicraft,North China,Autumn,0,108,4607.26,1,18-25,High,3.9,401,4581.45,0.61
P2783,Folk Painting,West China,Winter,0,104,1507.5,0,50+,Medium,4.2,422,1162.04,0.48
P2784,Handicraft,East China,Summer,0,105,858.9,0,50+,Low,1.7,437,4319.66,0.35
P2785,Sculpture,South China,Spring,0,97,1817.5,1,26-35,High,3.5,124,436.36,0.4
P2786,Sculpture,South China,Spring,0,102,3981.96,1,18-25,Low,1.7,71,1377.12,0.28
P2787,Sculpture,South China,Spring,1,113,515.03,1,26-35,High,4.8,284,4868.33,0.89
P2788,Folk Painting,East China,Spring,1,95,3041.66,1,26-35,Medium,3.7,324,1232.86,0.8
P2789,Sculpture,West China,Summer,0,119,764.59,1,50+,Medium,1.4,133,751.76,0.35
P2790,Handicraft,West China,Spring,0,107,2234.11,1,36-50,Low,1.7,89,4299.57,0.31
P2791,Musical Instrument,North China,Autumn,1,101,4833.29,1,36-50,Medium,3.7,156,677.22,0.72
P2792,Musical Instrument,East China,Autumn,1,101,1056.21,1,50+,Medium,2.9,494,577.53,0.86
P2793,Textile,West China,Spring,0,116,266.68,1,18-25,High,3.9,31,1684.78,0.42
P2794,Handicraft,East China,Autumn,0,106,2193.3,1,50+,Medium,2.1,92,3213.11,0.33
P2795,Sculpture,North China,Winter,1,104,2930.71,1,18-25,High,3.6,333,3582.66,0.82
P2796,Musical Instrument,North China,Summer,1,106,1557.84,0,50+,High,1.7,14,4418.07,0.4
P2797,Handicraft,North China,Spring,0,110,2754.66,0,18-25,High,3.2,270,2750.47,0.36
P2798,Musical Instrument,South China,Spring,0,108,4771.67,0,26-35,Medium,4.8,418,2027.75,0.53
P2799,Sculpture,East China,Summer,1,115,1627.68,0,26-35,Low,3.5,289,1858.29,0.68
P2800,Musical Instrument,North China,Autumn,1,92,1616.19,0,18-25,Low,1.2,138,4249.82,0.4
P2801,Textile,East China,Summer,1,105,2465.56,1,50+,Medium,5.0,123,3646.7,0.79
P2802,Textile,South China,Summer,1,106,2625.05,0,26-35,High,1.6,293,4536.6,0.55
P2803,Musical Instrument,South China,Autumn,0,114,106.69,0,50+,Medium,3.9,56,4823.77,0.29
P2804,Handicraft,North China,Summer,1,86,3117.79,0,36-50,Low,3.1,350,1570.25,0.61
P2805,Handicraft,North China,Autumn,0,98,4987.05,0,26-35,High,2.2,197,2695.4,0.23
P2806,Handicraft,West China,Autumn,1,94,1530.84,1,50+,Medium,1.7,28,3195.92,0.51
P2807,Musical Instrument,East China,Summer,0,104,3190.97,0,50+,High,1.7,96,902.86,0.16
P2808,Handicraft,North China,Winter,1,109,122.65,0,36-50,High,4.4,151,361.4,0.64
P2809,Sculpture,West China,Autumn,0,96,3061.2,1,50+,Low,4.5,260,4352.04,0.53
P2810,Textile,East China,Summer,0,98,2290.63,0,18-25,High,2.9,335,2724.07,0.34
P2811,Sculpture,North China,Autumn,0,106,2698.44,1,26-35,Medium,1.4,489,2896.79,0.51
P2812,Handicraft,West China,Winter,0,94,2765.13,0,18-25,High,4.5,379,2819.08,0.45
P2813,Sculpture,West China,Winter,1,118,967.07,0,36-50,High,2.9,489,3799.31,0.77
P2814,Handicraft,East China,Spring,1,103,3872.84,0,18-25,Medium,2.8,17,812.96,0.46
P2815,Musical Instrument,West China,Autumn,0,114,2821.8,0,50+,Low,2.6,46,3108.84,0.21
P2816,Sculpture,East China,Autumn,0,96,1423.95,0,36-50,Low,2.5,95,2400.45,0.18
P2817,Musical Instrument,East China,Summer,1,97,4693.17,0,36-50,Medium,3.1,81,4495.09,0.49
P2818,Musical Instrument,East China,Autumn,1,108,162.59,1,18-25,High,3.4,390,2646.14,0.86
P2819,Folk Painting,South China,Spring,1,105,3657.09,1,36-50,Medium,2.9,495,4720.38,0.88
P2820,Handicraft,West China,Winter,1,114,1968.05,0,18-25,Medium,4.6,275,1830.94,0.74
P2821,Textile,East China,Winter,1,94,2660.47,0,18-25,Medium,2.3,76,4837.78,0.43
P2822,Handicraft,North China,Spring,0,97,1528.4,1,18-25,Low,3.3,150,4388.27,0.4
P2823,Textile,South China,Autumn,1,84,1674.14,0,36-50,High,2.2,304,2962.89,0.52
P2824,Handicraft,South China,Autumn,0,111,174.31,0,36-50,Medium,4.0,73,1833.18,0.3
P2825,Musical Instrument,West China,Spring,1,96,3676.24,0,26-35,Low,1.4,39,1942.02,0.37
P2826,Sculpture,East China,Summer,1,122,3582.91,1,18-25,Low,1.8,397,3886.49,0.81
P2827,Sculpture,West China,Winter,0,113,3306.36,0,18-25,High,4.2,54,2945.09,0.3
P2828,Folk Painting,South China,Spring,0,89,4401.96,1,18-25,Medium,1.7,143,2067.78,0.28
P2829,Textile,East China,Spring,0,95,4516.21,0,18-25,High,3.5,25,3216.67,0.19
P2830,Textile,North China,Autumn,0,121,2826.58,0,18-25,Medium,4.9,287,3692.84,0.5
P2831,Textile,East China,Winter,0,96,3455.64,0,18-25,Low,3.1,228,212.21,0.29
P2832,Musical Instrument,South China,Autumn,1,92,153.89,0,18-25,Low,1.7,286,540.33,0.51
P2833,Textile,North China,Spring,0,86,4247.08,0,26-35,High,2.3,230,562.98,0.21
P2834,Sculpture,East China,Summer,0,87,4100.43,1,26-35,Medium,4.3,202,1236.48,0.45
P2835,Musical Instrument,North China,Winter,1,107,199.22,0,50+,High,2.4,167,2192.25,0.53
P2836,Handicraft,North China,Spring,1,92,2759.84,1,18-25,Medium,3.9,33,4037.88,0.63
P2837,Textile,South China,Spring,0,104,4542.61,0,18-25,High,4.1,329,1820.39,0.43
P2838,Textile,North China,Summer,1,87,988.8,0,26-35,Low,3.0,150,185.64,0.49
P2839,Handicraft,West China,Spring,0,99,1827.96,0,26-35,High,4.1,231,2468.47,0.36
P2840,Textile,South China,Spring,0,93,1722.16,0,18-25,Medium,2.3,35,4983.48,0.13
P2841,Handicraft,West China,Winter,0,97,1844.11,1,18-25,High,3.1,107,1810.2,0.36
P2842,Musical Instrument,North China,Winter,0,106,305.24,1,26-35,Medium,3.7,285,4810.15,0.53
P2843,Sculpture,West China,Winter,0,95,1467.19,1,26-35,High,1.7,70,596.59,0.26
P2844,Handicraft,East China,Autumn,1,113,1544.8,0,50+,Medium,2.1,389,948.19,0.66
P2845,Folk Painting,North China,Summer,1,96,4342.77,0,50+,Medium,3.6,252,3648.2,0.61
P2846,Handicraft,East China,Winter,0,103,1825.37,1,18-25,Medium,3.6,399,2555.94,0.57
P2847,Textile,West China,Autumn,0,92,2291.36,1,26-35,High,3.0,436,3849.1,0.53
P2848,Musical Instrument,East China,Autumn,0,103,1965.62,0,50+,High,4.2,442,4331.44,0.49
P2849,Musical Instrument,North China,Summer,1,100,691.3,0,18-25,Low,2.9,18,1330.32,0.45
P2850,Handicraft,East China,Summer,1,97,4952.75,1,50+,Medium,4.5,393,3445.86,0.89
P2851,Sculpture,West China,Spring,0,122,4146.54,1,50+,Low,3.9,366,3077.25,0.63
P2852,Folk Painting,West China,Autumn,0,97,2750.51,0,50+,Low,2.3,430,4321.52,0.36
P2853,Musical Instrument,West China,Winter,0,115,2434.19,0,36-50,Medium,2.6,281,2207.51,0.35
P2854,Textile,North China,Summer,0,80,3281.35,1,18-25,Low,3.7,269,354.17,0.44
P2855,Textile,West China,Autumn,0,112,1699.51,0,50+,High,4.6,41,2913.51,0.32
P2856,Sculpture,North China,Winter,0,109,346.39,0,18-25,Low,1.7,349,4798.5,0.32
P2857,Musical Instrument,East China,Autumn,0,99,2081.15,0,18-25,High,3.1,102,171.69,0.23
P2858,Handicraft,West China,Summer,0,101,4921.49,0,26-35,Medium,1.5,488,1277.26,0.36
P2859,Textile,East China,Spring,0,91,993.5,1,18-25,Medium,2.1,137,1648.73,0.31
P2860,Sculpture,South China,Autumn,0,82,2685.76,0,50+,Medium,3.7,246,3852.61,0.29
P2861,Musical Instrument,East China,Winter,1,113,141.75,1,18-25,Low,1.3,26,1684.06,0.55
P2862,Musical Instrument,South China,Summer,1,87,697.95,0,26-35,Medium,3.6,50,1271.51,0.47
P2863,Musical Instrument,East China,Spring,1,98,2977.24,1,36-50,Medium,4.6,482,3277.93,0.94
P2864,Musical Instrument,North China,Winter,1,95,1557.33,0,36-50,High,4.9,310,327.39,0.71
P2865,Musical Instrument,East China,Winter,0,97,4537.85,0,26-35,Low,1.9,281,935.92,0.25
P2866,Textile,North China,Winter,0,100,2090.23,1,50+,Low,4.0,285,2099.35,0.52
P2867,Sculpture,North China,Autumn,1,104,1119.36,0,50+,Medium,4.7,51,1842.44,0.58
P2868,Musical Instrument,West China,Summer,0,86,2773.4,0,50+,Low,1.4,275,1801.11,0.19
P2869,Folk Painting,North China,Winter,0,109,3995.37,0,18-25,Medium,2.7,61,631.92,0.21
P2870,Folk Painting,South China,Autumn,0,96,195.16,0,36-50,High,4.7,197,1868.12,0.36
P2871,Sculpture,West China,Summer,0,112,2577.05,0,50+,Low,1.8,441,4010.16,0.38
P2872,Handicraft,West China,Summer,0,102,3889.79,1,36-50,Low,4.7,160,2127.84,0.5
P2873,Handicraft,East China,Autumn,0,110,607.58,0,26-35,High,3.1,253,2972.24,0.35
P2874,Handicraft,North China,Autumn,1,97,4523.71,0,36-50,Low,1.4,298,901.54,0.52
P2875,Folk Painting,North China,Winter,0,108,1396.14,0,50+,Medium,2.8,136,441.59,0.26
P2876,Handicraft,South China,Summer,1,102,935.96,0,36-50,Low,2.3,214,4411.78,0.54
P2877,Textile,East China,Spring,0,99,2987.35,1,26-35,Low,2.1,418,1723.73,0.49
P2878,Musical Instrument,East China,Autumn,1,96,957.65,1,36-50,High,3.2,315,1816.65,0.76
P2879,Folk Painting,West China,Summer,0,94,3430.54,0,18-25,High,2.9,366,4400.67,0.35
P2880,Sculpture,West China,Summer,0,96,2501.5,1,26-35,Medium,2.9,109,3568.08,0.35
P2881,Sculpture,West China,Winter,0,88,638.78,0,18-25,Low,1.4,353,3805.69,0.24
P2882,Musical Instrument,South China,Spring,0,91,4571.2,0,18-25,Low,4.2,463,3441.82,0.47
P2883,Folk Painting,South China,Winter,0,103,3398.71,0,50+,High,2.9,88,618.38,0.22
P2884,Handicraft,West China,Spring,0,94,2775.37,0,50+,Medium,4.3,192,4794.18,0.33
P2885,Handicraft,East China,Spring,0,123,1934.27,0,26-35,Low,4.3,107,4554.77,0.37
P2886,Textile,South China,Autumn,0,105,760.81,0,50+,Medium,2.3,77,1257.48,0.19
P2887,Textile,East China,Summer,1,100,3566.84,0,36-50,Low,1.0,343,4039.57,0.53
P2888,Handicraft,East China,Summer,1,99,4086.91,0,26-35,High,4.6,397,2106.04,0.76
P2889,Sculpture,North China,Summer,0,99,716.51,1,50+,High,4.0,37,3450.46,0.38
P2890,Sculpture,West China,Spring,0,116,2523.38,0,50+,High,1.4,38,911.45,0.15
P2891,Textile,North China,Summer,1,118,2475.75,0,36-50,High,3.8,347,2738.92,0.74
P2892,Musical Instrument,West China,Autumn,0,81,1814.57,0,18-25,High,1.1,131,720.42,0.07
P2893,Handicraft,West China,Spring,0,102,3967.78,1,36-50,High,1.1,221,2727.22,0.33
P2894,Textile,East China,Spring,0,99,587.7,0,18-25,Medium,3.1,185,1293.61,0.27
P2895,Textile,West China,Spring,0,104,1104.59,0,50+,High,1.4,114,2317.09,0.15
P2896,Handicraft,East China,Spring,0,102,107.85,1,18-25,Medium,4.9,489,3373.05,0.7
P2897,Handicraft,East China,Autumn,0,98,1927.63,1,18-25,High,4.6,81,4397.67,0.44
P2898,Sculpture,West China,Summer,0,93,1526.77,1,50+,Low,3.6,119,909.92,0.39
P2899,Musical Instrument,East China,Autumn,0,126,4348.27,0,26-35,Low,1.3,122,4477.02,0.22
P2900,Musical Instrument,East China,Summer,1,101,3754.47,1,36-50,Low,2.3,406,2011.18,0.78
P2901,Handicraft,East China,Autumn,0,117,513.91,1,50+,Medium,2.5,241,4234.6,0.47
P2902,Folk Painting,South China,Winter,0,85,3730.68,1,36-50,High,2.9,52,2611.48,0.28
P2903,Textile,East China,Winter,0,110,3409.46,1,36-50,Medium,1.7,274,4324.82,0.42
P2904,Textile,South China,Winter,0,102,1480.45,0,18-25,High,3.3,305,3347.84,0.36
P2905,Handicraft,South China,Winter,0,97,175.76,1,50+,Low,2.7,55,2592.71,0.31
P2906,Folk Painting,East China,Spring,0,98,664.3,0,26-35,Medium,4.8,67,1631.44,0.3
P2907,Sculpture,East China,Spring,0,96,1324.71,0,36-50,High,4.7,234,4847.65,0.38
P2908,Handicraft,South China,Autumn,0,112,4101.45,0,36-50,Medium,3.3,449,4024.4,0.47
P2909,Handicraft,South China,Autumn,0,95,2380.03,0,26-35,Medium,3.6,149,1967.82,0.27
P2910,Textile,East China,Winter,0,86,4600.14,0,36-50,Low,1.6,110,916.95,0.11
P2911,Handicraft,East China,Summer,1,107,3966.83,1,50+,Low,1.9,290,3919.72,0.71
P2912,Handicraft,West China,Winter,0,97,1506.83,0,26-35,Low,4.6,247,4950.73,0.39
P2913,Handicraft,South China,Autumn,0,100,4242.27,0,50+,Low,3.8,98,1466.98,0.27
P2914,Textile,South China,Winter,0,113,671.95,0,26-35,Low,1.8,255,4587.73,0.28
P2915,Sculpture,West China,Autumn,0,88,276.98,0,36-50,High,3.3,409,714.32,0.38
P2916,Sculpture,South China,Winter,1,117,3081.84,1,26-35,High,4.7,188,4765.81,0.84
P2917,Handicraft,North China,Summer,0,89,1774.54,1,50+,Low,2.4,389,3752.16,0.46
P2918,Textile,South China,Winter,0,88,1714.19,0,26-35,Low,1.7,473,1798.32,0.32
P2919,Sculpture,West China,Summer,0,107,3467.32,1,36-50,Low,4.8,240,1592.7,0.57
P2920,Sculpture,North China,Summer,0,101,4265.51,0,18-25,Medium,2.8,108,3252.83,0.22
P2921,Sculpture,East China,Autumn,0,111,1678.66,1,36-50,Low,2.7,224,3008.18,0.45
P2922,Textile,West China,Summer,0,91,1692.57,0,36-50,High,2.1,209,4602.79,0.21
P2923,Textile,West China,Spring,0,84,2715.87,1,18-25,High,4.6,265,3854.59,0.5
P2924,Handicraft,East China,Spring,1,98,3300.6,0,26-35,Medium,4.4,446,2747.79,0.77
P2925,Musical Instrument,West China,Spring,0,104,1094.24,1,36-50,High,2.6,445,4645.07,0.55
P2926,Sculpture,South China,Autumn,0,104,4572.13,0,18-25,Low,1.1,204,3004.38,0.19
P2927,Musical Instrument,East China,Spring,1,103,3306.64,0,50+,Medium,2.8,389,4263.46,0.66
P2928,Textile,West China,Autumn,1,94,3163.29,1,18-25,Medium,1.7,33,4220.62,0.52
P2929,Textile,East China,Autumn,0,76,4530.56,0,36-50,High,1.6,372,4604.05,0.22
P2930,Textile,East China,Spring,0,92,4545.6,1,50+,Low,2.6,479,431.25,0.53
P2931,Musical Instrument,East China,Summer,1,91,764.2,1,36-50,Low,1.4,279,2960.72,0.63
P2932,Textile,North China,Winter,0,91,810.87,0,18-25,Low,4.8,287,2395.12,0.4
P2933,Handicraft,West China,Autumn,0,99,3833.55,0,50+,Medium,1.2,235,2503.66,0.19
P2934,Textile,North China,Spring,1,99,4788.71,1,36-50,High,2.6,237,2353.56,0.7
P2935,Folk Painting,West China,Autumn,0,102,3365.92,1,18-25,High,1.7,137,4203.59,0.32
P2936,Musical Instrument,South China,Summer,0,96,2115.45,0,50+,High,3.8,40,1660.32,0.22
P2937,Folk Painting,South China,Summer,0,102,3449.02,0,36-50,Low,1.3,350,2367.48,0.27
P2938,Textile,South China,Spring,0,105,1221.18,0,18-25,Medium,3.2,260,1083.34,0.34
P2939,Handicraft,West China,Autumn,1,109,4990.03,0,36-50,Medium,4.1,67,1333.41,0.58
P2940,Sculpture,East China,Winter,0,88,2212.32,0,36-50,High,4.8,334,3336.06,0.42
P2941,Textile,East China,Winter,1,103,4665.26,1,36-50,High,3.8,156,672.99,0.73
P2942,Handicraft,North China,Autumn,0,104,2210.91,1,26-35,Medium,1.4,115,1020.33,0.29
P2943,Musical Instrument,North China,Autumn,0,94,4647.88,1,36-50,High,1.4,446,2687.37,0.45
P2944,Folk Painting,South China,Autumn,0,91,1744.86,0,50+,Medium,3.9,94,314.49,0.24
P2945,Folk Painting,North China,Spring,1,97,3826.66,0,18-25,Medium,1.9,11,721.94,0.38
P2946,Folk Painting,West China,Summer,1,88,4759.91,1,18-25,High,2.8,446,4330.43,0.79
P2947,Musical Instrument,West China,Winter,0,112,3265.31,1,26-35,Medium,4.9,460,4246.12,0.71
P2948,Handicraft,North China,Spring,0,115,3420.07,1,26-35,Medium,4.3,312,1804.1,0.6
P2949,Musical Instrument,North China,Autumn,0,99,604.14,0,26-35,High,4.4,380,1805.16,0.46
P2950,Folk Painting,North China,Autumn,1,103,2423.68,0,36-50,High,4.4,62,4688.93,0.57
P2951,Textile,North China,Summer,0,91,4445.1,0,36-50,High,3.5,450,226.62,0.42
P2952,Sculpture,South China,Autumn,0,92,1280.46,0,50+,Medium,4.0,231,2943.45,0.33
P2953,Musical Instrument,South China,Spring,0,120,3962.98,1,18-25,High,2.4,491,3027.21,0.61
P2954,Musical Instrument,North China,Spring,0,100,3410.98,0,18-25,High,5.0,34,3960.65,0.3
P2955,Handicraft,West China,Summer,0,103,1192.63,1,36-50,Medium,2.1,44,4763.58,0.29
P2956,Handicraft,South China,Spring,0,106,1485.68,0,18-25,Medium,3.4,166,1843.56,0.3
P2957,Musical Instrument,West China,Winter,1,100,2195.05,0,36-50,High,2.1,469,2245.38,0.66
P2958,Folk Painting,East China,Spring,0,108,713.13,1,26-35,High,1.4,352,3389.36,0.44
P2959,Sculpture,West China,Spring,0,103,4575.52,0,36-50,Medium,3.3,485,4839.63,0.47
P2960,Handicraft,North China,Spring,0,101,3722.85,1,50+,Medium,2.4,375,4464.88,0.49
P2961,Folk Painting,East China,Winter,0,97,1888.32,1,36-50,Low,3.3,154,3368.56,0.4
P2962,Textile,South China,Autumn,1,99,1568.36,1,36-50,Medium,3.2,345,4297.95,0.79
P2963,Handicraft,South China,Spring,0,103,3478.94,0,18-25,Medium,3.2,442,517.5,0.44
P2964,Folk Painting,East China,Summer,0,109,2178.68,0,36-50,Low,1.5,449,1947.92,0.36
P2965,Folk Painting,West China,Winter,0,110,1223.75,0,50+,High,2.8,466,164.15,0.45
P2966,Sculpture,South China,Summer,0,89,2207.74,1,36-50,Low,4.2,396,969.61,0.56
P2967,Sculpture,North China,Spring,0,107,4369.36,0,36-50,Medium,2.3,287,3189.41,0.31
P2968,Textile,East China,Summer,0,97,436.17,0,26-35,Low,2.8,488,4439.25,0.42
P2969,Folk Painting,North China,Spring,0,111,1904.96,0,36-50,Low,3.0,407,3200.62,0.43
P2970,Folk Painting,East China,Winter,1,96,4815.46,0,36-50,Low,4.5,396,3354.28,0.74
P2971,Sculpture,South China,Summer,0,102,172.68,1,36-50,Low,3.6,303,608.73,0.52
P2972,Handicraft,West China,Summer,0,92,4464.14,0,50+,Low,1.4,352,3357.82,0.25
P2973,Handicraft,East China,Spring,1,90,1936.69,0,18-25,Low,4.5,286,2326.3,0.66
P2974,Musical Instrument,East China,Spring,0,94,1028.64,0,26-35,High,4.3,188,3292.06,0.33
P2975,Sculpture,North China,Autumn,0,91,173.4,1,26-35,Low,4.0,289,1698.25,0.5
P2976,Musical Instrument,South China,Spring,0,100,445.56,1,36-50,Low,2.9,361,2949.28,0.5
P2977,Sculpture,North China,Spring,0,103,942.03,0,36-50,Low,4.0,310,2177.94,0.41
P2978,Textile,South China,Autumn,0,96,224.51,0,18-25,Low,2.9,206,2837.32,0.26
P2979,Folk Painting,North China,Spring,0,100,1745.66,0,36-50,Medium,3.9,234,820.74,0.35
P2980,Textile,East China,Spring,1,107,319.98,0,50+,Low,4.5,437,2039.54,0.8
P2981,Sculpture,North China,Autumn,0,104,3491.86,0,18-25,Low,4.6,56,1933.97,0.3
P2982,Folk Painting,West China,Winter,0,118,4112.64,0,36-50,Low,2.8,194,3708.33,0.32
P2983,Handicraft,South China,Winter,0,93,4448.57,1,18-25,High,4.4,412,3561.41,0.6
P2984,Handicraft,South China,Spring,0,106,2790.73,1,26-35,Low,1.4,171,4553.41,0.33
P2985,Musical Instrument,East China,Spring,0,96,4737.9,0,36-50,Medium,1.4,140,3197.07,0.14
P2986,Sculpture,South China,Autumn,0,104,127.66,0,18-25,High,3.2,304,1641.28,0.36
P2987,Sculpture,West China,Autumn,0,90,756.69,0,18-25,Medium,3.6,101,3937.8,0.23
P2988,Handicraft,North China,Winter,1,99,1536.51,0,36-50,High,1.6,84,2535.29,0.41
P2989,Textile,East China,Summer,0,100,3966.22,0,18-25,High,2.9,453,1048.12,0.42
P2990,Folk Painting,West China,Spring,1,106,4438.41,1,36-50,Low,1.4,147,3762.32,0.6
P2991,Textile,South China,Summer,1,95,3128.86,0,36-50,Low,3.4,177,749.4,0.55
P2992,Textile,South China,Summer,0,91,1977.86,1,50+,High,4.4,267,972.95,0.51
P2993,Handicraft,West China,Autumn,1,109,3362.64,1,50+,Low,4.0,247,3817.9,0.81
P2994,Handicraft,North China,Spring,1,109,986.41,1,18-25,Low,2.5,54,3873.71,0.62
P2995,Handicraft,North China,Spring,0,84,2343.58,1,18-25,High,5.0,496,3974.83,0.65
P2996,Musical Instrument,East China,Autumn,1,111,2586.97,1,18-25,High,3.7,420,1537.29,0.9
P2997,Textile,South China,Summer,0,113,613.87,0,26-35,Medium,4.3,318,4346.28,0.46
P2998,Sculpture,West China,Autumn,0,92,265.98,1,36-50,High,3.7,146,3641.07,0.4
P2999,Folk Painting,North China,Winter,1,107,3775.52,0,36-50,Medium,5.0,112,4186.44,0.64
P3000,Musical Instrument,East China,Spring,0,88,2720.06,1,26-35,Medium,4.3,138,3572.17,0.42
P3001,Sculpture,South China,Winter,0,133,1727.97,0,26-35,Low,3.1,170,2940.02,0.37
P3002,Textile,South China,Autumn,0,107,2242.42,0,18-25,Low,2.5,47,636.03,0.19
P3003,Handicraft,East China,Spring,1,108,4792.75,0,36-50,High,3.7,66,3583.59,0.55
P3004,Textile,East China,Winter,1,98,1986.08,0,50+,High,3.4,170,3483.26,0.56
P3005,Folk Painting,North China,Winter,0,108,607.05,0,50+,Medium,3.5,185,1631.21,0.32
P3006,Musical Instrument,West China,Summer,1,109,2371.65,1,26-35,Medium,2.4,268,3705.52,0.73
P3007,Musical Instrument,South China,Spring,0,102,3275.44,0,26-35,Low,2.7,297,2797.23,0.32
P3008,Folk Painting,West China,Winter,0,90,159.35,1,36-50,High,3.2,470,2841.09,0.55
P3009,Sculpture,South China,Winter,0,85,1728.47,0,36-50,High,4.4,414,1901.26,0.43
P3010,Sculpture,South China,Summer,1,127,2028.22,0,50+,High,4.1,333,672.25,0.78
P3011,Musical Instrument,West China,Winter,0,96,2372.2,0,36-50,High,1.5,154,1162.95,0.16
P3012,Musical Instrument,East China,Winter,0,89,1578.25,0,18-25,Low,2.0,435,3867.28,0.32
P3013,Handicraft,North China,Winter,1,94,3367.92,0,26-35,Low,1.1,77,1430.06,0.37
P3014,Sculpture,South China,Summer,1,89,4729.08,0,50+,Medium,1.0,349,111.04,0.5
P3015,Folk Painting,East China,Winter,0,112,4578.59,0,50+,Low,1.9,277,4985.39,0.3
P3016,Sculpture,South China,Winter,0,105,3355.53,1,18-25,Medium,4.2,227,1132.34,0.52
P3017,Handicraft,North China,Spring,1,98,2583.73,0,36-50,Low,4.6,310,3311.38,0.71
P3018,Musical Instrument,South China,Spring,1,103,4146.49,1,36-50,Low,2.6,173,4641.92,0.67
P3019,Musical Instrument,North China,Summer,0,93,4196.09,1,26-35,High,3.3,345,3038.59,0.5
P3020,Handicraft,North China,Autumn,1,94,4164.91,1,18-25,Medium,3.8,188,4015.25,0.72
P3021,Folk Painting,South China,Spring,1,102,873.45,1,50+,Medium,4.8,400,4884.22,0.92
P3022,Musical Instrument,South China,Summer,1,104,224.62,0,18-25,Medium,4.7,426,4315.78,0.8
P3023,Textile,North China,Winter,1,101,4917.65,1,50+,Low,1.2,57,2833.73,0.52
P3024,Musical Instrument,East China,Winter,0,95,4802.31,0,18-25,High,2.0,203,1882.14,0.21
P3025,Textile,West China,Summer,0,101,2865.45,0,36-50,Low,1.2,298,2464.08,0.24
P3026,Handicraft,North China,Winter,0,100,4966.01,1,50+,High,3.5,215,4224.95,0.46
P3027,Handicraft,South China,Winter,0,108,3875.68,1,26-35,Low,3.8,93,4281.44,0.43
P3028,Musical Instrument,South China,Autumn,1,104,2635.16,1,18-25,Medium,2.2,110,4244.69,0.62
P3029,Sculpture,East China,Winter,1,101,2007.72,0,36-50,Low,4.4,164,3026.4,0.62
P3030,Textile,West China,Spring,0,106,3005.03,0,50+,Medium,2.8,56,2437.08,0.21
P3031,Folk Painting,North China,Winter,0,85,2627.43,1,36-50,High,5.0,243,1625.56,0.51
P3032,Musical Instrument,North China,Summer,0,98,4969.63,1,18-25,Medium,1.0,350,116.47,0.39
P3033,Folk Painting,West China,Autumn,0,86,2503.26,0,26-35,Medium,1.4,459,3845.98,0.29
P3034,Musical Instrument,North China,Winter,0,93,4196.01,0,26-35,Medium,2.2,308,1457.29,0.27
P3035,Sculpture,West China,Summer,0,91,4086.76,1,18-25,Medium,1.1,345,1715.42,0.37
P3036,Sculpture,South China,Spring,0,84,449.89,1,50+,High,4.1,156,4233.06,0.41
P3037,Sculpture,West China,Winter,0,94,526.33,0,36-50,Low,1.2,205,356.03,0.16
P3038,Sculpture,North China,Autumn,0,81,3333.07,1,36-50,Low,4.0,403,4645.34,0.53
P3039,Handicraft,West China,Winter,1,83,1369.63,0,50+,Low,1.2,31,106.67,0.31
P3040,Handicraft,East China,Summer,0,88,3321.88,1,18-25,Low,2.0,469,4701.93,0.48
P3041,Textile,South China,Autumn,0,101,808.67,0,36-50,Medium,4.4,203,2328.32,0.36
P3042,Folk Painting,South China,Winter,0,94,2045.63,0,36-50,High,4.8,395,600.4,0.47
P3043,Musical Instrument,West China,Spring,0,106,602.1,1,18-25,High,2.7,498,3403.39,0.59
P3044,Musical Instrument,North China,Autumn,1,98,1482.26,0,36-50,Low,4.9,373,4489.7,0.76
P3045,Handicraft,East China,Spring,0,86,532.66,1,50+,Low,3.5,363,2246.56,0.5
P3046,Musical Instrument,South China,Summer,1,95,4855.84,1,50+,High,2.7,283,3487.65,0.72
P3047,Handicraft,South China,Winter,0,97,2035.79,1,18-25,High,4.2,393,4898.88,0.59
P3048,Textile,North China,Spring,0,114,4515.82,0,18-25,Medium,2.2,217,1279.43,0.29
P3049,Folk Painting,North China,Summer,0,107,4858.74,1,50+,High,2.1,284,4120.2,0.44
P3050,Textile,East China,Winter,1,102,4556.86,1,18-25,High,3.6,226,1546.66,0.76
P3051,Sculpture,West China,Summer,0,93,2329.3,1,50+,Medium,2.6,423,2189.05,0.5
P3052,Sculpture,North China,Spring,1,110,3916.6,0,50+,Medium,1.5,399,1480.65,0.62
P3053,Sculpture,West China,Summer,0,119,853.13,0,50+,Medium,1.3,36,2285.46,0.15
P3054,Textile,East China,Autumn,0,88,564.68,0,36-50,High,4.2,24,124.94,0.21
P3055,Musical Instrument,West China,Winter,1,102,4396.82,0,18-25,High,3.7,168,1586.85,0.59
P3056,Folk Painting,South China,Summer,1,93,252.49,1,36-50,High,2.6,437,2281.94,0.79
P3057,Sculpture,West China,Spring,0,105,4864.4,0,18-25,Medium,4.6,223,3197.98,0.4
P3058,Sculpture,East China,Winter,0,109,3393.46,1,26-35,High,2.6,469,3223.07,0.58
P3059,Sculpture,East China,Autumn,0,104,2156.1,0,36-50,High,3.8,403,2960.55,0.45
P3060,Folk Painting,East China,Winter,0,103,792.74,0,36-50,Medium,4.6,414,1535.86,0.5
P3061,Sculpture,West China,Autumn,1,103,3643.83,0,36-50,Low,4.4,440,4742.28,0.78
P3062,Folk Painting,South China,Winter,0,112,2859.25,1,26-35,Low,3.0,448,2020.65,0.6
P3063,Sculpture,North China,Summer,0,96,3584.52,0,18-25,High,3.7,388,1162.78,0.41
P3064,Textile,South China,Summer,1,93,2147.82,0,26-35,Medium,2.7,360,2817.11,0.61
P3065,Textile,West China,Spring,1,113,424.67,1,18-25,Medium,3.6,173,3769.75,0.76
P3066,Folk Painting,West China,Autumn,0,110,1643.36,0,18-25,High,2.0,136,159.94,0.22
P3067,Textile,North China,Spring,1,77,1643.6,1,18-25,High,2.7,339,1454.09,0.69
P3068,Folk Painting,West China,Summer,0,114,142.53,1,18-25,Low,1.8,67,4142.39,0.32
P3069,Textile,East China,Autumn,0,90,146.95,0,18-25,Medium,1.2,156,2584.4,0.12
P3070,Textile,East China,Spring,1,99,1720.72,1,26-35,High,3.4,480,2101.59,0.88
P3071,Folk Painting,East China,Spring,0,100,3665.35,1,36-50,Medium,4.5,457,4661.42,0.65
P3072,Musical Instrument,East China,Spring,0,89,3157.81,0,26-35,High,1.1,265,538.72,0.17
P3073,Textile,East China,Spring,0,89,1271.19,0,36-50,Low,1.8,119,3116.29,0.13
P3074,Sculpture,West China,Spring,1,107,3053.54,1,36-50,High,2.8,403,1776.72,0.83
P3075,Musical Instrument,North China,Autumn,0,96,3272.15,1,50+,Low,3.7,58,447.03,0.37
P3076,Folk Painting,North China,Spring,0,90,2660.59,0,36-50,Low,1.7,191,1147.35,0.17
P3077,Musical Instrument,East China,Autumn,0,104,2654.63,0,26-35,High,1.2,70,3176.87,0.12
P3078,Handicraft,West China,Spring,0,122,1911.76,1,50+,High,3.1,452,238.56,0.64
P3079,Handicraft,South China,Summer,0,108,704.63,0,18-25,Low,4.3,484,3002.02,0.54
P3080,Textile,South China,Summer,1,110,1988.87,1,18-25,Medium,1.1,244,4788.57,0.65
P3081,Textile,West China,Spring,0,106,1792.14,1,36-50,Medium,2.4,251,3995.97,0.43
P3082,Sculpture,East China,Winter,0,93,3000.67,0,18-25,Low,3.7,139,1793.43,0.26
P3083,Musical Instrument,North China,Summer,0,99,4295.67,0,18-25,Low,1.5,340,777.22,0.27
P3084,Handicraft,West China,Autumn,0,83,1939.34,1,50+,High,1.9,273,2378.82,0.35
P3085,Textile,South China,Spring,1,106,3577.7,0,26-35,High,3.1,412,2025.46,0.7
P3086,Musical Instrument,South China,Autumn,0,98,4077.97,0,18-25,Low,4.8,217,4861.49,0.38
P3087,Textile,South China,Winter,0,94,1137.58,1,18-25,Low,2.1,461,4950.35,0.5
P3088,Textile,East China,Spring,0,91,4518.09,1,26-35,Medium,3.0,151,2111.86,0.36
P3089,Handicraft,South China,Summer,0,80,445.18,1,50+,Medium,2.6,31,829.04,0.24
P3090,Handicraft,West China,Autumn,0,100,4518.42,0,50+,Medium,4.6,26,4561.99,0.27
P3091,Textile,West China,Summer,1,100,901.8,1,18-25,Low,1.3,372,3988.36,0.7
P3092,Folk Painting,South China,Summer,0,95,1752.13,0,36-50,Low,3.3,328,2605.24,0.35
P3093,Textile,West China,Spring,1,90,3065.65,1,26-35,Medium,4.4,131,1890.24,0.71
P3094,Textile,South China,Autumn,0,91,4537.85,1,50+,Medium,5.0,291,2296.01,0.56
P3095,Sculpture,South China,Winter,0,110,1352.94,1,18-25,High,3.8,236,4519.22,0.52
P3096,Sculpture,North China,Summer,0,89,3841.51,1,50+,High,2.5,429,1004.75,0.49
P3097,Sculpture,East China,Spring,1,103,3581.14,0,18-25,Low,2.6,382,4053.24,0.65
P3098,Folk Painting,East China,Spring,0,113,882.57,1,26-35,High,2.4,310,189.13,0.49
P3099,Folk Painting,North China,Winter,0,71,2449.37,1,36-50,Low,3.4,295,4610.8,0.41
P3100,Textile,North China,Spring,0,112,2459.37,1,26-35,Low,4.0,125,2551.46,0.47
P3101,Sculpture,East China,Summer,1,125,1592.6,0,50+,Low,4.3,158,1211.06,0.69
P3102,Folk Painting,South China,Spring,0,91,3921.61,1,50+,Medium,2.7,413,114.0,0.5
P3103,Handicraft,South China,Autumn,0,101,4637.08,0,50+,High,3.9,179,2841.78,0.32
P3104,Textile,East China,Autumn,1,95,3611.21,1,36-50,High,4.7,99,1297.99,0.72
P3105,Musical Instrument,South China,Summer,1,101,4867.48,0,26-35,High,4.7,128,3193.2,0.62
P3106,Textile,North China,Autumn,0,94,347.3,1,18-25,High,3.8,193,1477.73,0.44
P3107,Musical Instrument,South China,Winter,0,98,282.39,1,26-35,Medium,3.5,405,531.32,0.56
P3108,Sculpture,South China,Spring,0,104,4479.91,0,26-35,High,3.1,273,2574.75,0.34
P3109,Musical Instrument,West China,Summer,0,96,4499.22,1,36-50,High,1.7,236,2865.98,0.35
P3110,Sculpture,West China,Winter,1,113,624.89,0,26-35,Medium,1.5,102,2317.69,0.46
P3111,Handicraft,West China,Spring,0,105,1851.49,1,50+,High,2.9,126,2344.37,0.39
P3112,Musical Instrument,South China,Winter,1,90,4193.43,1,36-50,High,1.6,499,2989.29,0.76
P3113,Textile,East China,Summer,0,85,729.85,0,50+,Medium,3.3,456,2679.13,0.39
P3114,Sculpture,North China,Summer,0,110,1410.4,0,50+,Medium,3.6,321,749.58,0.41
P3115,Textile,South China,Winter,0,89,3436.88,1,26-35,Medium,3.1,400,1065.72,0.5
P3116,Folk Painting,East China,Spring,1,111,4911.31,0,18-25,Medium,1.1,327,794.78,0.56
P3117,Sculpture,South China,Autumn,0,111,4005.98,1,26-35,Low,1.2,130,3497.15,0.31
P3118,Musical Instrument,North China,Autumn,0,101,3908.86,1,18-25,Medium,1.5,326,2690.13,0.41
P3119,Sculpture,South China,Winter,0,114,1779.05,0,36-50,High,1.6,147,2206.29,0.21
P3120,Textile,North China,Summer,1,96,3340.58,1,36-50,High,5.0,240,4011.86,0.82
P3121,Handicraft,South China,Spring,1,108,654.13,0,36-50,High,2.4,315,1696.39,0.62
P3122,Sculpture,North China,Spring,0,106,4962.11,0,50+,High,2.2,157,2883.72,0.23
P3123,Musical Instrument,South China,Summer,0,84,2454.86,0,50+,Low,1.2,293,464.6,0.18
P3124,Folk Painting,North China,Autumn,1,93,3230.16,0,36-50,Low,3.5,151,3747.58,0.54
P3125,Handicraft,West China,Spring,1,89,4393.24,1,26-35,Low,3.6,341,3506.44,0.78
P3126,Folk Painting,South China,Winter,0,102,104.73,1,50+,High,1.7,17,4031.66,0.25
P3127,Sculpture,South China,Autumn,0,98,4882.31,1,50+,High,4.7,400,4433.93,0.62
P3128,Textile,East China,Winter,0,102,1859.88,1,26-35,Medium,4.2,14,3814.34,0.39
P3129,Textile,East China,Autumn,0,103,1763.99,0,50+,Medium,1.9,266,4238.0,0.26
P3130,Musical Instrument,North China,Summer,1,126,810.81,0,26-35,High,2.9,376,1793.71,0.73
P3131,Textile,South China,Winter,0,92,4305.1,1,18-25,Medium,2.8,338,1782.35,0.46
P3132,Handicraft,North China,Winter,0,81,4367.11,1,26-35,Medium,2.4,255,4727.07,0.36
P3133,Textile,West China,Summer,0,107,197.95,0,18-25,High,4.3,475,4581.42,0.53
P3134,Musical Instrument,East China,Winter,1,110,373.05,1,50+,Low,1.4,244,2787.64,0.67
P3135,Sculpture,North China,Autumn,0,94,4599.87,0,18-25,High,2.7,371,1896.14,0.34
P3136,Sculpture,North China,Spring,0,103,702.05,0,26-35,High,2.7,19,4343.41,0.17
P3137,Textile,East China,Spring,0,105,3142.54,1,18-25,Medium,2.9,251,1684.71,0.46
P3138,Folk Painting,South China,Summer,0,111,3136.29,0,36-50,Medium,4.4,451,852.81,0.53
P3139,Sculpture,North China,Autumn,0,124,4361.68,0,26-35,High,1.9,330,3233.51,0.36
P3140,Textile,East China,Winter,1,94,2906.01,1,26-35,Low,1.4,197,308.85,0.59
P3141,Musical Instrument,South China,Winter,0,110,2226.66,1,18-25,High,3.5,413,1957.6,0.6
P3142,Textile,West China,Spring,0,104,4874.47,1,50+,Low,1.7,323,4057.55,0.43
P3143,Sculpture,East China,Winter,0,104,1221.2,0,50+,Low,1.3,436,1546.56,0.33
P3144,Musical Instrument,North China,Spring,0,74,1387.32,0,26-35,High,2.7,422,4663.45,0.31
P3145,Textile,West China,Summer,0,93,515.37,0,26-35,High,1.9,11,4783.54,0.09
P3146,Handicraft,South China,Winter,0,103,4879.05,1,18-25,High,2.4,163,4097.5,0.37
P3147,Musical Instrument,South China,Autumn,0,74,3561.17,1,26-35,Low,2.0,212,4939.45,0.29
P3148,Handicraft,East China,Winter,0,84,159.28,1,26-35,Medium,1.4,226,2700.74,0.3
P3149,Folk Painting,East China,Spring,1,96,3551.14,1,50+,Low,3.2,491,2889.08,0.86
P3150,Musical Instrument,East China,Summer,0,107,2080.27,0,26-35,Low,1.1,324,4197.22,0.26
P3151,Handicraft,South China,Spring,0,88,4840.99,0,18-25,Low,4.9,114,2514.75,0.3
P3152,Sculpture,West China,Winter,0,108,1459.2,0,26-35,Medium,2.4,10,2092.93,0.16
P3153,Sculpture,South China,Spring,1,109,3580.4,1,26-35,Low,3.8,263,3112.29,0.81
P3154,Folk Painting,North China,Spring,0,95,3174.43,0,26-35,Low,4.2,296,3322.53,0.39
P3155,Musical Instrument,South China,Summer,1,102,159.04,0,36-50,Low,2.1,303,3779.39,0.57
P3156,Musical Instrument,North China,Autumn,0,97,4437.56,0,26-35,Medium,4.0,287,3374.18,0.38
P3157,Musical Instrument,West China,Winter,1,96,784.1,1,18-25,Low,4.3,203,3754.04,0.76
P3158,Folk Painting,East China,Summer,0,120,3351.59,1,50+,Medium,2.0,440,3405.34,0.56
P3159,Musical Instrument,East China,Autumn,0,78,3900.19,1,50+,Medium,5.0,266,2454.18,0.5
P3160,Sculpture,South China,Spring,0,116,3191.55,1,36-50,High,1.1,259,761.18,0.4
P3161,Handicraft,East China,Autumn,0,98,575.86,1,18-25,High,1.9,257,3948.67,0.38
P3162,Sculpture,West China,Spring,1,88,4878.38,0,50+,High,4.1,97,250.82,0.53
P3163,Sculpture,East China,Spring,0,94,1260.41,0,50+,Medium,1.8,443,4963.25,0.33
P3164,Handicraft,South China,Summer,1,102,3176.54,1,26-35,High,3.8,429,4159.45,0.88
P3165,Sculpture,West China,Spring,0,96,4006.17,0,26-35,High,4.4,262,3387.46,0.38
P3166,Folk Painting,North China,Summer,0,96,4702.26,0,26-35,High,4.8,438,4836.37,0.5
P3167,Handicraft,South China,Autumn,0,85,3059.65,0,36-50,Medium,2.9,173,3101.1,0.21
P3168,Sculpture,North China,Autumn,0,89,1369.37,0,26-35,Low,4.9,171,376.52,0.34
P3169,Textile,West China,Spring,1,98,4199.53,0,18-25,High,2.6,274,2840.97,0.57
P3170,Sculpture,South China,Summer,0,88,899.78,0,36-50,High,1.9,469,1458.3,0.33
P3171,Folk Painting,South China,Spring,0,102,209.18,1,50+,High,3.1,119,1910.44,0.39
P3172,Musical Instrument,West China,Summer,1,109,4549.93,1,50+,High,3.6,349,2351.97,0.85
P3173,Sculpture,East China,Summer,0,98,2919.41,0,18-25,Medium,2.8,397,3895.54,0.37
P3174,Musical Instrument,South China,Summer,0,97,441.24,1,18-25,Low,3.3,216,2564.35,0.44
P3175,Textile,South China,Autumn,0,105,2940.67,1,50+,Low,2.7,328,2425.93,0.49
P3176,Sculpture,North China,Summer,0,104,810.57,1,18-25,High,3.1,141,1579.66,0.4
P3177,Handicraft,East China,Autumn,0,96,253.79,0,18-25,Low,4.8,142,2745.37,0.34
P3178,Musical Instrument,North China,Summer,0,90,670.97,0,18-25,High,3.0,403,1317.12,0.36
P3179,Textile,North China,Autumn,0,91,3898.03,1,26-35,High,2.0,117,1378.87,0.29
P3180,Handicraft,East China,Winter,1,119,3802.74,1,50+,Low,4.0,181,3810.57,0.81
P3181,Handicraft,East China,Autumn,0,90,3061.16,0,18-25,Low,2.4,49,1778.48,0.13
P3182,Handicraft,West China,Autumn,1,95,1125.71,0,18-25,Medium,4.3,301,351.86,0.68
P3183,Handicraft,East China,Spring,0,81,3720.94,1,26-35,High,1.2,44,1784.02,0.17
P3184,Sculpture,South China,Summer,0,94,2099.42,0,50+,Low,2.3,68,3229.0,0.15
P3185,Sculpture,East China,Winter,0,86,2602.69,0,36-50,Medium,1.4,202,4088.53,0.15
P3186,Sculpture,West China,Spring,0,93,4498.44,0,50+,Low,1.3,219,4813.49,0.17
P3187,Textile,West China,Summer,0,114,2343.5,0,50+,Low,3.6,381,3756.48,0.46
P3188,Textile,West China,Winter,1,91,3169.19,0,50+,High,2.5,40,2201.37,0.41
P3189,Textile,East China,Winter,1,101,4812.58,0,26-35,Medium,4.5,183,1565.68,0.64
P3190,Folk Painting,East China,Winter,0,125,2311.81,0,50+,High,3.1,314,735.19,0.43
P3191,Textile,North China,Summer,0,103,2847.57,0,36-50,Low,2.2,399,3175.66,0.36
P3192,Sculpture,North China,Winter,0,98,2963.63,0,18-25,Medium,3.9,207,2598.43,0.33
P3193,Sculpture,South China,Winter,0,96,1279.49,0,50+,High,3.5,115,3420.74,0.25
P3194,Folk Painting,North China,Spring,0,92,3710.92,0,26-35,Medium,4.2,284,1261.95,0.37
P3195,Folk Painting,South China,Autumn,1,113,3660.52,0,50+,Low,3.6,105,1685.86,0.58
P3196,Textile,West China,Summer,0,92,1146.43,0,50+,Medium,1.7,179,1531.27,0.17
P3197,Musical Instrument,North China,Autumn,1,92,165.36,0,36-50,Low,3.7,39,4008.49,0.48
P3198,Folk Painting,East China,Spring,0,111,4994.81,0,36-50,High,2.6,291,939.03,0.34
P3199,Handicraft,North China,Autumn,0,102,2949.78,1,26-35,Low,2.9,396,3081.51,0.53
P3200,Sculpture,South China,Winter,0,122,987.06,0,26-35,Low,4.7,170,351.64,0.43
P3201,Handicraft,North China,Winter,0,115,1489.47,1,26-35,Medium,2.4,315,2792.69,0.5
P3202,Sculpture,West China,Summer,0,106,3127.18,0,26-35,Medium,3.4,424,413.18,0.45
P3203,Sculpture,East China,Summer,0,86,774.32,1,26-35,High,2.5,120,961.8,0.3
P3204,Folk Painting,South China,Summer,1,102,282.68,0,18-25,Medium,1.4,221,653.82,0.49
P3205,Folk Painting,East China,Spring,1,92,4012.55,1,18-25,High,2.8,205,1798.95,0.67
P3206,Handicraft,East China,Summer,0,91,3607.65,0,26-35,Low,3.4,105,1784.28,0.22
P3207,Sculpture,South China,Spring,1,107,1617.05,1,26-35,Low,2.6,347,4149.45,0.78
P3208,Handicraft,East China,Winter,0,106,386.61,0,18-25,Medium,2.6,147,1205.87,0.25
P3209,Musical Instrument,East China,Autumn,1,114,2482.73,1,36-50,Low,4.3,287,523.3,0.87
P3210,Handicraft,North China,Winter,0,99,1453.31,0,18-25,Low,1.1,456,3057.21,0.31
P3211,Textile,East China,Winter,0,95,2049.12,1,26-35,High,2.2,319,3468.51,0.43
P3212,Handicraft,East China,Winter,0,107,1442.45,1,36-50,Medium,4.2,188,1544.64,0.5
P3213,Textile,East China,Summer,0,91,958.81,1,26-35,High,4.7,346,3053.79,0.57
P3214,Textile,East China,Summer,0,96,1996.25,1,50+,Low,2.6,243,3902.68,0.41
P3215,Textile,South China,Summer,0,111,4827.98,0,36-50,Low,4.6,258,1803.01,0.44
P3216,Musical Instrument,West China,Autumn,0,104,1404.52,0,26-35,Low,1.8,141,2674.23,0.19
P3217,Handicraft,North China,Summer,0,110,1746.24,0,18-25,Medium,1.9,258,818.5,0.28
P3218,Handicraft,East China,Spring,0,81,1713.29,0,26-35,Low,4.4,302,215.87,0.36
P3219,Musical Instrument,East China,Winter,0,102,2453.42,0,18-25,Low,4.6,464,4908.7,0.52
P3220,Sculpture,South China,Autumn,0,102,4233.18,0,36-50,High,1.9,72,1568.68,0.15
P3221,Folk Painting,West China,Autumn,0,83,2070.4,1,18-25,Medium,1.2,316,1466.62,0.33
P3222,Handicraft,East China,Autumn,1,106,4050.13,0,36-50,Low,1.4,401,4868.9,0.6
P3223,Folk Painting,South China,Autumn,0,98,663.56,0,26-35,High,2.0,266,3668.34,0.25
P3224,Musical Instrument,North China,Autumn,0,93,4485.05,0,18-25,Low,4.0,257,2967.96,0.35
P3225,Sculpture,North China,Spring,0,100,1007.99,1,36-50,High,3.0,273,3526.68,0.46
P3226,Sculpture,East China,Winter,0,98,292.09,0,36-50,Low,2.8,476,3578.64,0.42
P3227,Sculpture,East China,Autumn,0,103,875.94,0,36-50,Medium,3.3,346,3840.35,0.39
P3228,Musical Instrument,West China,Winter,0,99,1034.67,1,50+,Medium,4.6,370,429.23,0.6
P3229,Textile,West China,Summer,0,102,2591.67,0,36-50,High,1.4,448,2122.87,0.33
P3230,Textile,East China,Autumn,1,87,2304.7,1,26-35,Low,3.8,377,1546.14,0.81
P3231,Folk Painting,South China,Autumn,0,99,3607.78,1,26-35,Medium,4.7,402,445.79,0.63
P3232,Textile,West China,Winter,1,107,349.66,0,26-35,Low,1.9,188,2121.74,0.51
P3233,Textile,East China,Autumn,0,94,2538.76,1,36-50,Medium,4.4,409,3119.25,0.6
P3234,Sculpture,West China,Autumn,0,108,1729.11,1,26-35,High,3.8,446,974.64,0.63
P3235,Sculpture,East China,Autumn,0,114,3190.46,0,36-50,Medium,1.1,324,1594.63,0.29
P3236,Folk Painting,North China,Spring,0,104,314.13,0,36-50,Low,1.9,310,3231.94,0.29
P3237,Handicraft,East China,Spring,0,102,271.18,1,36-50,Low,3.4,174,2938.69,0.43
P3238,Folk Painting,North China,Autumn,0,102,2193.53,1,50+,Low,3.0,100,4357.05,0.37
P3239,Folk Painting,West China,Spring,0,106,4075.56,0,18-25,High,3.1,331,3977.03,0.38
P3240,Musical Instrument,East China,Summer,1,86,3388.36,1,26-35,High,1.9,201,4831.49,0.6
P3241,Musical Instrument,West China,Autumn,1,105,181.86,0,50+,Low,3.7,301,3026.25,0.67
P3242,Folk Painting,North China,Summer,0,96,974.51,1,26-35,Low,2.1,85,3522.49,0.29
P3243,Folk Painting,East China,Winter,1,90,1210.98,1,50+,Medium,2.6,315,4316.48,0.71
P3244,Folk Painting,West China,Summer,0,107,2172.99,0,18-25,Medium,2.5,108,4215.96,0.22
P3245,Textile,North China,Winter,0,93,2974.91,1,18-25,Medium,3.7,104,3621.74,0.38
P3246,Musical Instrument,West China,Autumn,0,89,1160.65,1,18-25,Low,1.4,190,2551.26,0.29
P3247,Folk Painting,South China,Winter,0,103,1974.32,0,18-25,Medium,1.8,450,1438.71,0.36
P3248,Sculpture,North China,Winter,0,91,2961.32,1,36-50,Low,1.8,412,4398.36,0.44
P3249,Sculpture,North China,Summer,1,103,1978.83,0,26-35,High,1.4,163,3905.61,0.46
P3250,Textile,North China,Summer,0,98,801.53,1,26-35,Medium,1.8,383,4205.74,0.45
P3251,Textile,East China,Summer,0,100,2509.14,1,26-35,Low,3.4,365,789.87,0.54
P3252,Handicraft,East China,Autumn,1,89,1687.57,0,36-50,Low,3.9,333,1642.58,0.65
P3253,Handicraft,East China,Autumn,0,98,4334.52,1,26-35,High,3.6,121,2181.94,0.4
P3254,Handicraft,South China,Summer,0,99,3900.56,0,18-25,High,2.9,180,4207.92,0.26
P3255,Textile,South China,Autumn,0,110,1032.35,1,26-35,High,1.2,262,4475.14,0.38
P3256,Textile,North China,Autumn,0,107,847.92,0,26-35,High,4.8,392,1495.97,0.51
P3257,Textile,South China,Winter,0,107,1803.62,0,50+,Medium,1.7,360,3463.5,0.32
P3258,Sculpture,West China,Winter,0,94,2119.66,1,36-50,High,3.7,131,481.29,0.4
P3259,Textile,North China,Summer,0,82,4666.89,1,18-25,Low,4.7,451,2106.91,0.6
P3260,Sculpture,North China,Autumn,1,89,1577.94,0,18-25,Low,3.8,214,2484.68,0.58
P3261,Handicraft,West China,Winter,1,107,4351.16,1,18-25,Low,1.9,254,3851.6,0.69
P3262,Handicraft,North China,Spring,0,96,2576.02,1,26-35,Low,2.3,136,4470.66,0.33
P3263,Handicraft,South China,Autumn,0,86,4439.56,1,18-25,Low,1.1,368,1752.69,0.36
P3264,Folk Painting,East China,Spring,0,104,3539.57,0,18-25,High,3.5,324,2685.92,0.39
P3265,Folk Painting,West China,Summer,1,86,3571.11,0,50+,Low,3.5,55,3272.5,0.46
P3266,Musical Instrument,South China,Autumn,0,95,2642.11,0,26-35,High,3.9,461,1710.57,0.46
P3267,Musical Instrument,West China,Summer,0,93,4217.49,1,50+,High,1.0,305,4929.14,0.34
P3268,Musical Instrument,West China,Summer,1,103,1346.68,0,36-50,High,4.3,245,4391.29,0.67
P3269,Folk Painting,North China,Summer,1,108,4546.02,1,26-35,High,4.0,150,1552.37,0.75
P3270,Folk Painting,North China,Summer,0,109,3220.2,1,50+,Medium,1.6,130,2588.94,0.33
P3271,Musical Instrument,South China,Summer,0,107,2249.67,0,36-50,Medium,2.4,370,1231.12,0.36
P3272,Musical Instrument,West China,Autumn,0,102,4912.73,0,50+,Medium,3.6,18,2621.07,0.22
P3273,Textile,North China,Spring,0,100,4323.87,1,36-50,Medium,3.0,75,3448.33,0.35
P3274,Musical Instrument,North China,Autumn,0,100,3882.9,1,18-25,Medium,1.5,492,519.05,0.5
P3275,Textile,West China,Autumn,0,98,1442.12,0,18-25,Low,1.3,318,4363.57,0.24
P3276,Sculpture,South China,Autumn,0,91,4871.33,1,26-35,Medium,4.1,469,3009.35,0.61
P3277,Folk Painting,South China,Winter,0,106,3740.64,0,50+,Low,1.6,90,4949.05,0.16
P3278,Musical Instrument,West China,Winter,0,100,3065.56,1,50+,Low,1.7,269,225.4,0.39
P3279,Folk Painting,South China,Autumn,0,88,4616.82,1,36-50,High,4.3,391,4174.34,0.56
P3280,Folk Painting,North China,Spring,0,97,894.69,0,26-35,High,3.4,407,3980.62,0.41
P3281,Folk Painting,West China,Autumn,1,101,781.18,0,18-25,High,3.4,478,750.98,0.74
P3282,Sculpture,North China,Summer,0,97,2862.2,1,50+,Medium,2.9,114,1743.0,0.36
P3283,Handicraft,East China,Winter,0,88,377.9,0,36-50,Low,3.3,401,4435.5,0.37
P3284,Musical Instrument,East China,Winter,0,96,3353.54,1,18-25,Medium,3.4,106,2640.43,0.38
P3285,Handicraft,South China,Autumn,0,87,1279.63,0,18-25,High,4.9,199,2066.28,0.35
P3286,Handicraft,East China,Autumn,0,113,683.23,1,18-25,High,1.9,438,4536.93,0.53
P3287,Handicraft,North China,Spring,1,94,2106.53,1,36-50,Low,1.9,357,557.39,0.71
P3288,Folk Painting,East China,Spring,0,87,2383.15,1,36-50,Low,1.2,204,2418.3,0.28
P3289,Textile,North China,Summer,1,81,935.38,0,18-25,High,3.6,455,3296.63,0.68
P3290,Folk Painting,South China,Autumn,0,101,303.52,0,36-50,Medium,3.2,343,3081.85,0.37
P3291,Folk Painting,South China,Autumn,0,92,2128.87,1,18-25,Medium,1.4,92,1394.95,0.24
P3292,Handicraft,North China,Autumn,1,108,3821.68,0,18-25,Low,2.5,260,2860.23,0.59
P3293,Folk Painting,East China,Winter,0,125,4383.58,1,18-25,High,1.7,79,3571.95,0.36
P3294,Handicraft,South China,Summer,0,105,577.99,1,36-50,Medium,2.3,301,2965.94,0.45
P3295,Textile,West China,Spring,0,99,2670.91,0,26-35,Low,4.8,349,3453.86,0.46
P3296,Musical Instrument,South China,Winter,0,94,1390.67,0,26-35,Low,3.7,394,1354.79,0.41
P3297,Handicraft,East China,Winter,1,106,1935.71,0,36-50,Low,1.0,197,4180.96,0.46
P3298,Textile,West China,Winter,1,98,4673.86,0,50+,Medium,2.0,467,2303.48,0.65
P3299,Musical Instrument,East China,Winter,1,98,1825.17,1,36-50,Low,1.0,150,4937.4,0.55
P3300,Sculpture,North China,Summer,0,101,1890.2,1,50+,Medium,3.9,149,214.1,0.44
P3301,Handicraft,West China,Autumn,0,94,1126.04,0,18-25,Low,2.9,84,1963.55,0.19
P3302,Handicraft,East China,Spring,0,100,4804.09,1,50+,Medium,5.0,109,984.33,0.48
P3303,Sculpture,West China,Spring,1,87,2336.79,0,18-25,High,3.9,154,2822.49,0.55
P3304,Sculpture,East China,Winter,0,106,2894.92,0,26-35,Medium,3.1,184,1291.7,0.29
P3305,Handicraft,West China,Winter,0,126,2320.52,0,18-25,High,4.2,318,3713.64,0.49
P3306,Sculpture,East China,Summer,1,85,1339.3,1,50+,Low,3.8,230,4421.14,0.72
P3307,Folk Painting,North China,Winter,0,114,4071.02,1,26-35,Medium,2.0,332,1133.33,0.48
P3308,Musical Instrument,West China,Spring,0,87,239.51,1,26-35,Low,3.1,486,887.32,0.55
P3309,Musical Instrument,West China,Spring,1,94,3482.19,0,36-50,High,3.2,19,4389.25,0.45
P3310,Musical Instrument,West China,Autumn,0,95,3011.94,0,50+,Low,2.8,55,1870.23,0.17
P3311,Folk Painting,West China,Autumn,0,103,806.98,1,50+,Low,1.7,348,2229.46,0.44
P3312,Sculpture,North China,Spring,0,100,912.93,0,36-50,Low,1.9,126,1182.75,0.18
P3313,Textile,West China,Spring,0,98,3330.21,0,36-50,High,2.1,13,2184.04,0.12
P3314,Sculpture,South China,Summer,1,84,1629.48,1,26-35,High,1.0,322,1233.37,0.61
P3315,Handicraft,North China,Summer,0,83,1402.12,0,36-50,Medium,4.7,247,3363.04,0.35
P3316,Musical Instrument,South China,Spring,0,96,389.86,0,26-35,Medium,3.7,303,2544.49,0.36
P3317,Sculpture,West China,Winter,0,102,3855.77,0,50+,Medium,3.8,405,3961.5,0.45
P3318,Textile,East China,Autumn,1,100,4425.09,1,36-50,Medium,3.3,40,1632.37,0.63
P3319,Handicraft,South China,Spring,0,110,4117.24,1,50+,Low,3.8,139,2577.42,0.46
P3320,Folk Painting,West China,Winter,0,103,2383.57,0,26-35,High,4.9,250,1371.66,0.42
P3321,Folk Painting,South China,Spring,0,101,2716.39,0,18-25,High,2.5,394,4678.92,0.36
P3322,Textile,West China,Autumn,0,84,1287.15,0,18-25,Low,3.9,90,2657.48,0.22
P3323,Handicraft,West China,Autumn,0,115,946.99,0,50+,Medium,2.4,34,949.97,0.2
P3324,Musical Instrument,West China,Summer,0,93,4132.71,1,26-35,High,4.4,270,1436.55,0.52
P3325,Sculpture,East China,Summer,0,103,4011.89,0,26-35,Low,4.4,57,506.22,0.29
P3326,Handicraft,South China,Summer,0,98,3909.06,0,18-25,Low,4.6,407,236.3,0.48
P3327,Folk Painting,North China,Summer,1,87,2370.46,1,26-35,Medium,1.0,61,2677.02,0.47
P3328,Textile,North China,Autumn,0,106,4336.09,0,26-35,Medium,2.2,339,1751.9,0.33
P3329,Textile,North China,Winter,0,95,4638.54,1,50+,High,1.5,158,4822.49,0.3
P3330,Sculpture,North China,Winter,0,109,1708.89,0,18-25,High,2.8,418,939.52,0.42
P3331,Textile,West China,Winter,1,116,1201.0,0,26-35,Medium,3.0,108,3990.17,0.56
P3332,Textile,South China,Spring,1,106,2374.89,0,50+,High,2.0,76,1648.26,0.45
P3333,Handicraft,South China,Summer,0,104,978.7,0,36-50,Medium,3.9,219,1195.33,0.35
P3334,Musical Instrument,East China,Summer,1,97,4431.61,1,18-25,Low,2.1,257,4851.22,0.67
P3335,Sculpture,South China,Autumn,0,94,1756.15,1,50+,Low,4.4,128,4032.63,0.44
P3336,Handicraft,South China,Autumn,0,103,2923.24,0,36-50,Low,1.7,443,3190.04,0.35
P3337,Musical Instrument,South China,Spring,0,102,3014.13,1,26-35,High,2.5,237,3515.89,0.42
P3338,Handicraft,East China,Spring,1,100,2623.44,1,26-35,Medium,3.5,112,4957.77,0.68
P3339,Handicraft,North China,Winter,0,81,866.98,0,36-50,Low,3.4,298,3006.72,0.3
P3340,Textile,South China,Autumn,1,95,4955.9,0,50+,Low,1.3,249,599.31,0.48
P3341,Musical Instrument,East China,Summer,0,105,945.76,0,26-35,High,4.4,410,417.84,0.49
P3342,Sculpture,East China,Winter,0,96,3782.39,1,26-35,High,3.4,241,3366.37,0.45
P3343,Sculpture,West China,Summer,0,101,3977.68,0,50+,Low,4.5,463,3322.25,0.51
P3344,Musical Instrument,East China,Winter,1,106,811.3,0,50+,High,4.5,299,3766.05,0.72
P3345,Textile,North China,Summer,0,121,4672.5,0,36-50,High,3.2,163,633.02,0.33
P3346,Folk Painting,South China,Spring,0,88,2490.02,1,26-35,High,4.6,179,4730.02,0.46
P3347,Handicraft,East China,Winter,0,105,3181.53,1,50+,High,4.4,168,2800.68,0.5
P3348,Textile,North China,Summer,1,115,3246.71,0,18-25,Medium,4.8,122,3282.82,0.66
P3349,Musical Instrument,East China,Summer,0,103,2574.28,0,36-50,High,4.4,60,270.78,0.29
P3350,Handicraft,East China,Autumn,0,83,795.91,1,36-50,High,4.3,485,4808.77,0.6
P3351,Sculpture,East China,Winter,0,84,3783.59,0,36-50,Medium,2.9,45,2856.7,0.14
P3352,Folk Painting,East China,Summer,1,92,2950.75,0,36-50,High,1.8,22,2860.48,0.37
P3353,Sculpture,East China,Autumn,1,112,681.54,1,18-25,High,4.6,350,4723.42,0.91
P3354,Musical Instrument,North China,Summer,1,103,3531.58,1,36-50,Low,3.9,227,4653.82,0.78
P3355,Handicraft,South China,Winter,0,92,3543.54,0,36-50,Low,2.1,252,1179.46,0.23
P3356,Musical Instrument,South China,Spring,0,100,2787.58,0,50+,Low,2.4,232,4662.38,0.26
P3357,Handicraft,South China,Winter,1,111,543.69,1,26-35,Medium,3.7,217,3709.44,0.78
P3358,Textile,South China,Winter,0,96,1827.96,1,36-50,High,2.9,488,192.61,0.56
P3359,Folk Painting,North China,Summer,0,110,349.53,1,50+,Medium,1.3,278,1275.23,0.4
P3360,Textile,West China,Summer,0,89,2440.22,1,50+,Medium,1.6,231,2123.6,0.32
P3361,Textile,West China,Winter,1,88,4541.59,0,26-35,High,4.0,297,2955.83,0.63
P3362,Musical Instrument,North China,Autumn,0,92,111.04,1,50+,High,2.3,398,3536.52,0.47
P3363,Folk Painting,North China,Autumn,0,99,1406.53,0,50+,Low,3.0,21,1130.03,0.18
P3364,Handicraft,East China,Autumn,1,102,4019.31,1,36-50,High,4.1,496,4199.83,0.94
P3365,Handicraft,East China,Summer,0,96,148.32,1,36-50,Medium,4.0,196,4244.01,0.46
P3366,Sculpture,East China,Summer,0,100,149.85,0,50+,Low,1.7,178,3211.49,0.19
P3367,Handicraft,South China,Winter,1,103,3093.01,1,18-25,Medium,1.4,302,4613.36,0.68
P3368,Musical Instrument,East China,Spring,1,92,3967.08,0,26-35,High,3.4,333,4083.61,0.63
P3369,Textile,West China,Summer,1,103,3904.88,0,50+,Low,4.0,115,1185.96,0.58
P3370,Textile,South China,Winter,0,118,3919.93,0,50+,High,1.6,185,4013.52,0.25
P3371,Textile,East China,Winter,0,93,1868.93,1,18-25,Low,2.5,436,4770.69,0.5
P3372,Folk Painting,South China,Spring,1,123,4425.35,0,26-35,Low,4.5,358,774.27,0.8
P3373,Handicraft,West China,Autumn,0,98,162.89,0,50+,Low,4.8,50,4895.62,0.29
P3374,Musical Instrument,East China,Winter,1,99,1629.72,1,50+,High,2.8,321,222.46,0.76
P3375,Folk Painting,West China,Winter,1,95,1752.22,0,36-50,Low,1.3,334,2658.62,0.52
P3376,Sculpture,West China,Winter,0,87,911.3,1,50+,Low,2.0,258,3892.08,0.36
P3377,Musical Instrument,West China,Autumn,1,84,1747.51,0,18-25,High,1.9,276,3973.15,0.49
P3378,Musical Instrument,East China,Autumn,1,112,2970.83,0,50+,Medium,2.0,231,3699.9,0.56
P3379,Musical Instrument,North China,Spring,0,102,2649.37,0,26-35,High,3.0,402,2693.82,0.4
P3380,Textile,East China,Summer,0,93,1665.19,1,26-35,High,3.3,122,3289.73,0.37
P3381,Musical Instrument,West China,Autumn,0,88,3771.7,0,18-25,Low,1.5,293,3529.67,0.21
P3382,Handicraft,East China,Summer,0,113,3602.47,0,50+,High,4.6,287,2523.24,0.46
P3383,Musical Instrument,West China,Summer,0,80,1475.41,1,50+,High,3.5,212,3018.86,0.39
P3384,Textile,North China,Autumn,0,93,1683.82,1,50+,High,3.4,350,4247.2,0.51
P3385,Musical Instrument,South China,Winter,1,88,1508.85,0,50+,Low,4.9,271,1633.11,0.67
P3386,Sculpture,North China,Spring,1,82,731.37,1,50+,High,3.5,291,2663.71,0.73
P3387,Sculpture,North China,Summer,0,75,3788.63,1,26-35,Low,4.7,153,141.55,0.41
P3388,Textile,South China,Winter,0,116,326.75,0,36-50,High,2.1,252,3468.44,0.31
P3389,Handicraft,East China,Autumn,0,112,837.84,0,26-35,Low,2.0,279,1057.39,0.3
P3390,Handicraft,South China,Summer,1,113,615.99,0,36-50,Low,3.1,44,2456.91,0.52
P3391,Folk Painting,East China,Summer,0,114,4144.16,0,26-35,High,3.0,307,1130.01,0.38
P3392,Textile,East China,Summer,0,108,315.64,1,18-25,Medium,1.9,62,215.32,0.3
P3393,Musical Instrument,West China,Winter,1,101,3356.67,0,50+,High,3.8,365,2467.78,0.7
P3394,Textile,West China,Winter,0,104,317.93,0,36-50,Medium,1.1,159,2181.68,0.16
P3395,Folk Painting,South China,Winter,1,96,3953.57,0,26-35,Low,3.8,446,2183.23,0.73
P3396,Textile,North China,Summer,1,113,4572.3,0,36-50,Medium,2.8,459,1123.15,0.74
P3397,Textile,South China,Summer,1,100,2485.53,0,50+,Medium,3.8,22,4741.3,0.51
P3398,Folk Painting,East China,Spring,0,99,4042.25,1,18-25,Low,2.9,276,117.19,0.45
P3399,Handicraft,West China,Spring,0,96,3561.41,0,50+,Medium,4.9,405,4468.57,0.49
P3400,Musical Instrument,South China,Winter,1,106,3998.61,0,26-35,High,2.3,106,3710.82,0.49
P3401,Folk Painting,South China,Winter,0,90,3857.2,0,26-35,Medium,4.9,95,943.15,0.3
P3402,Sculpture,West China,Autumn,0,80,1106.3,1,36-50,Low,1.3,318,2413.74,0.33
P3403,Handicraft,West China,Winter,0,114,2547.84,0,18-25,Medium,3.7,274,4945.37,0.4
P3404,Sculpture,West China,Spring,0,123,4806.03,1,18-25,Low,2.8,80,3254.12,0.41
P3405,Handicraft,East China,Spring,0,99,1783.31,0,26-35,Low,4.3,26,724.15,0.25
P3406,Musical Instrument,West China,Spring,0,100,4855.39,1,36-50,High,4.2,198,2342.45,0.49
P3407,Musical Instrument,North China,Summer,0,97,2957.49,1,50+,Low,4.2,19,2394.2,0.38
P3408,Textile,South China,Summer,0,95,2361.9,0,50+,Medium,1.4,175,4031.09,0.16
P3409,Sculpture,West China,Winter,0,102,3323.01,1,26-35,High,4.3,388,4589.2,0.61
P3410,Handicraft,West China,Autumn,0,90,4097.61,0,26-35,High,1.9,48,502.98,0.1
P3411,Musical Instrument,East China,Autumn,0,111,2031.62,0,50+,Medium,1.1,375,1638.78,0.3
P3412,Folk Painting,East China,Autumn,0,98,261.48,0,50+,Medium,1.9,354,1562.35,0.3
P3413,Musical Instrument,South China,Summer,0,93,3573.15,1,50+,High,2.9,228,4980.64,0.41
P3414,Folk Painting,North China,Spring,0,87,4785.22,0,36-50,Low,4.0,103,2840.21,0.24
P3415,Handicraft,South China,Spring,0,98,3162.43,1,18-25,High,1.9,167,4411.17,0.33
P3416,Musical Instrument,West China,Summer,0,95,1023.23,0,26-35,High,1.5,372,2187.56,0.28
P3417,Musical Instrument,North China,Autumn,0,112,1316.39,0,26-35,High,3.6,43,3641.34,0.26
P3418,Handicraft,North China,Autumn,0,89,4557.78,0,36-50,Low,4.9,298,1504.27,0.41
P3419,Musical Instrument,North China,Winter,1,97,166.45,1,50+,Medium,3.4,425,4567.75,0.84
P3420,Folk Painting,North China,Winter,0,108,2788.86,0,36-50,Medium,3.8,499,2330.22,0.52
P3421,Musical Instrument,South China,Autumn,1,95,877.52,0,50+,Medium,3.2,21,4038.25,0.46
P3422,Sculpture,East China,Summer,0,106,1485.55,0,26-35,Low,4.1,242,1353.5,0.38
P3423,Textile,East China,Autumn,1,110,1604.21,0,18-25,Low,4.9,96,3498.66,0.64
P3424,Folk Painting,West China,Winter,0,109,1174.49,0,36-50,Medium,3.2,102,2085.28,0.26
P3425,Sculpture,East China,Autumn,0,90,3982.53,0,50+,Medium,2.7,116,254.05,0.18
P3426,Handicraft,East China,Summer,0,115,1727.82,0,26-35,Medium,4.4,202,2123.74,0.41
P3427,Folk Painting,East China,Spring,0,107,1792.88,0,18-25,Medium,4.9,477,2795.11,0.56
P3428,Textile,East China,Summer,0,93,2319.73,0,36-50,Low,1.5,19,843.63,0.07
P3429,Textile,West China,Summer,0,94,4521.25,1,36-50,Medium,3.3,134,1001.17,0.38
P3430,Handicraft,South China,Winter,0,99,3472.05,0,26-35,High,4.2,284,2377.83,0.39
P3431,Handicraft,North China,Summer,0,96,402.57,0,36-50,Medium,3.1,288,1779.38,0.32
P3432,Folk Painting,East China,Summer,1,107,292.38,1,26-35,Low,2.6,137,2259.63,0.66
P3433,Musical Instrument,South China,Winter,0,111,2875.31,0,36-50,High,3.6,350,2358.05,0.43
P3434,Handicraft,East China,Winter,1,109,4446.6,1,18-25,High,2.1,194,786.37,0.67
P3435,Musical Instrument,East China,Spring,0,123,1683.93,0,18-25,High,2.4,372,987.85,0.41
P3436,Sculpture,North China,Autumn,0,117,1314.08,1,36-50,Low,5.0,364,4256.01,0.68
P3437,Textile,North China,Summer,0,85,3766.14,1,26-35,Medium,3.5,68,897.32,0.33
P3438,Musical Instrument,North China,Winter,0,103,3050.25,1,50+,Low,4.5,489,3362.98,0.68
P3439,Textile,East China,Spring,0,102,2868.63,1,36-50,Low,4.2,191,2150.79,0.49
P3440,Musical Instrument,East China,Autumn,0,92,831.58,0,50+,High,3.6,83,4844.36,0.22
P3441,Sculpture,East China,Winter,0,95,962.21,0,26-35,High,4.4,11,423.91,0.24
P3442,Handicraft,North China,Autumn,1,105,1480.76,1,50+,Low,2.1,252,4168.91,0.7
P3443,Sculpture,West China,Autumn,0,111,1113.51,0,36-50,High,3.5,237,2508.1,0.36
P3444,Handicraft,South China,Summer,1,112,4860.08,1,18-25,Low,3.4,57,126.23,0.68
P3445,Handicraft,West China,Summer,1,91,191.19,0,26-35,High,3.5,15,1391.94,0.46
P3446,Textile,East China,Winter,1,112,3167.68,1,18-25,Medium,1.7,52,2097.71,0.58
P3447,Sculpture,East China,Autumn,0,132,2636.23,0,18-25,Medium,2.1,154,1639.55,0.3
P3448,Musical Instrument,West China,Winter,0,89,1683.93,0,18-25,Medium,2.1,136,1876.0,0.16
P3449,Sculpture,East China,Winter,0,102,4449.18,1,36-50,High,3.4,344,4591.69,0.53
P3450,Textile,South China,Autumn,0,92,3383.8,0,26-35,High,4.9,255,1868.58,0.39
P3451,Handicraft,East China,Winter,0,89,4991.94,0,50+,Medium,4.8,429,2152.26,0.48
P3452,Textile,South China,Autumn,0,86,926.41,0,18-25,Low,1.9,417,3829.54,0.3
P3453,Folk Painting,West China,Autumn,0,105,530.55,1,50+,Low,2.2,130,3989.78,0.35
P3454,Folk Painting,West China,Autumn,0,87,783.05,1,26-35,Medium,1.1,241,512.04,0.3
P3455,Musical Instrument,East China,Autumn,1,105,1419.53,1,26-35,High,2.6,385,3549.94,0.8
P3456,Textile,South China,Spring,0,116,2142.26,0,50+,Low,4.3,198,2464.6,0.4
P3457,Musical Instrument,East China,Autumn,0,95,4326.76,0,50+,Low,4.7,294,755.88,0.41
P3458,Musical Instrument,North China,Summer,1,98,1489.6,0,18-25,Low,1.9,251,1397.08,0.52
P3459,Folk Painting,North China,Summer,0,110,4584.69,0,50+,High,2.1,87,320.67,0.2
P3460,Musical Instrument,North China,Summer,0,100,2368.25,0,50+,Low,1.9,67,1865.16,0.14
P3461,Folk Painting,North China,Autumn,1,101,3270.64,1,36-50,Low,2.4,459,1351.49,0.82
P3462,Handicraft,East China,Summer,0,109,1395.6,0,18-25,Medium,4.2,479,1972.31,0.53
P3463,Textile,North China,Spring,0,96,864.47,0,18-25,High,3.6,190,2943.67,0.29
P3464,Musical Instrument,South China,Winter,0,107,4360.34,0,26-35,Medium,4.1,79,3688.46,0.29
P3465,Folk Painting,West China,Autumn,0,98,636.58,0,50+,Low,3.3,274,3066.22,0.33
P3466,Sculpture,West China,Summer,0,102,3892.7,0,36-50,High,2.0,213,3424.05,0.24
P3467,Musical Instrument,North China,Spring,0,91,2946.82,0,26-35,High,1.9,179,4341.63,0.18
P3468,Handicraft,North China,Winter,0,97,4319.58,0,36-50,Medium,1.0,304,4381.74,0.22
P3469,Handicraft,North China,Spring,0,103,3617.31,1,18-25,Medium,4.1,462,4317.52,0.64
P3470,Sculpture,East China,Summer,1,114,1480.15,0,50+,High,4.4,387,850.53,0.79
P3471,Folk Painting,West China,Spring,0,91,2914.7,1,36-50,High,4.1,256,1330.24,0.49
P3472,Musical Instrument,North China,Winter,1,92,164.06,0,26-35,Medium,1.3,433,2561.39,0.57
P3473,Folk Painting,South China,Summer,0,88,2428.57,1,18-25,Low,4.0,68,1857.82,0.36
P3474,Handicraft,North China,Winter,1,84,521.47,0,36-50,High,1.2,309,745.18,0.47
P3475,Folk Painting,West China,Spring,0,104,2201.83,0,36-50,Low,1.4,330,1509.98,0.27
P3476,Handicraft,North China,Autumn,0,106,637.1,0,26-35,Medium,2.8,467,4879.6,0.44
P3477,Folk Painting,West China,Autumn,0,102,4781.85,0,36-50,High,2.9,20,1799.94,0.18
P3478,Sculpture,North China,Autumn,1,97,2663.03,1,18-25,Medium,4.3,356,2152.68,0.85
P3479,Textile,South China,Autumn,0,97,4574.77,1,36-50,High,3.7,480,131.37,0.61
P3480,Sculpture,North China,Winter,0,85,209.59,0,50+,High,1.6,349,3625.13,0.24
P3481,Sculpture,South China,Autumn,0,79,3224.5,0,50+,Medium,1.9,14,2126.4,0.05
P3482,Textile,South China,Winter,1,99,1604.08,0,26-35,Medium,2.1,214,605.39,0.51
P3483,Textile,North China,Summer,0,88,2215.96,1,50+,Low,1.5,379,4845.93,0.4
P3484,Musical Instrument,South China,Autumn,0,108,4378.13,1,50+,Medium,2.2,467,3909.42,0.55
P3485,Musical Instrument,East China,Winter,0,117,4902.1,0,36-50,Medium,3.9,254,3658.14,0.41
P3486,Sculpture,North China,Autumn,0,89,1307.81,0,18-25,Low,2.0,258,4793.57,0.22
P3487,Sculpture,North China,Autumn,1,117,4746.44,0,18-25,Medium,4.3,442,2096.65,0.82
P3488,Handicraft,South China,Autumn,1,95,3474.76,0,36-50,Low,2.9,444,3620.81,0.68
P3489,Handicraft,South China,Winter,0,103,4761.93,0,50+,Low,2.3,429,1110.42,0.38
P3490,Musical Instrument,North China,Spring,0,101,2855.6,1,36-50,Medium,2.6,114,3515.89,0.35
P3491,Musical Instrument,East China,Autumn,1,102,4807.71,1,50+,Low,3.8,251,168.99,0.78
P3492,Handicraft,South China,Autumn,0,97,4473.03,0,50+,Low,3.1,281,718.9,0.32
P3493,Handicraft,South China,Summer,1,115,730.1,1,50+,Low,1.0,16,2183.77,0.53
P3494,Folk Painting,West China,Spring,0,103,1622.87,0,18-25,Medium,4.7,233,159.25,0.4
P3495,Folk Painting,East China,Winter,0,114,1291.01,0,26-35,Medium,1.3,226,2363.63,0.24
P3496,Handicraft,East China,Summer,0,95,2903.29,1,18-25,Low,4.8,53,2661.68,0.42
P3497,Folk Painting,North China,Autumn,0,86,4033.72,0,50+,Medium,1.1,35,3145.87,0.04
P3498,Textile,East China,Summer,1,119,3821.12,0,36-50,High,4.1,301,591.89,0.74
P3499,Musical Instrument,North China,Summer,0,92,3661.07,0,36-50,Low,3.1,190,986.96,0.25
P3500,Musical Instrument,West China,Autumn,1,93,1938.8,1,50+,High,3.0,101,3105.09,0.62
